Region,URL,Page type,Title,Title length,Meta description,Description length,H1 on page,Canonical URL,Social share image,Needs attention,New Meta Title,New Meta Description
UAE,https://athgadlang.com/,Homepage,"athGADLANG — Audit, Tax, Accounting and Advisory in the UAE",59,"athGADLANG is an audit, tax and advisory firm in the UAE. Statutory audit, corporate tax, VAT, company formation and outsourced finance for growing businesses.",159,Clarity in the numbers. Confidence in every decision.,https://athgadlang.com,(none),no social share image,,
UAE,https://athgadlang.com/services,services,Services | athGADLANG,21,"Assurance, accounting, tax, resourcing, consulting, corporate services and asset management from athGADLANG, across the UAE, KSA, Bahrain, the UK and Pakistan.",159,"Every practice area, one accountable team.",https://athgadlang.com/services,https://images.unsplash.com/photo-1560264280-88b68371db39?auto=format&fit=crop&q=80&w=2400,title short (21),"Assurance, Accounting, Tax & Advisory Services | athGADLANG",
UAE,https://athgadlang.com/insights,insights,Insights | athGADLANG,21,"Regulatory updates, technical guidance and expert analysis on tax, audit, compliance and company formation across the UAE, KSA, Bahrain, the UK and Pakistan.",157,Perspectives that keep you ahead of the regulation.,https://athgadlang.com/insights,https://images.unsplash.com/photo-1504711434969-e33886168f5c?auto=format&fit=crop&q=80&w=2400,title short (21),Regulatory Updates & Expert Analysis | athGADLANG,
UAE,https://athgadlang.com/webinars,webinars,Webinars | athGADLANG,21,"On-demand sessions on tax, audit, compliance and business setup, hosted by the athGADLANG specialists who advise on them day to day.",132,Sit in on the sessions our clients ask for.,https://athgadlang.com/webinars,https://images.unsplash.com/photo-1531058020387-3be344556be6?auto=format&fit=crop&q=80&w=2400,title short (21),"Webinars on Tax, Audit & Business Setup | athGADLANG",
UAE,https://athgadlang.com/events,events,Events | athGADLANG,19,"Live webinars and in-person seminars on tax, audit, compliance and business setup across the UAE, KSA, Bahrain, the UK and Pakistan — hosted by the athGADLANG specialists who advise on them day to day.",201,Come and ask the questions in person.,https://athgadlang.com/events,https://images.unsplash.com/photo-1540575467063-178a50c2df87?auto=format&fit=crop&q=80&w=2400,title short (19); description too long (201),"Tax, Audit & Compliance Events by  athGADLANG","Live webinars and in-person seminars on tax, audit, compliance and business setup across the UAE, KSA, Bahrain and Pakistan — hosted by athGADLANG specialists."
UAE,https://athgadlang.com/company-profile,company-profile,About Us | athGADLANG,21,"athGADLANG helps businesses navigate complexity with confidence — tax strategy, consulting, assurance and accounting across the UAE, KSA, Bahrain, the UK and Pakistan.",167,A partner for the decisions that carry weight.,https://athgadlang.com,(none),title short (21); description too long (167); no social share image,"About athGADLANG | Tax, Audit & Advisory","athGADLANG helps businesses navigate complexity with confidence — tax strategy, consulting, assurance and accounting across the UAE, KSA and Pakistan."
UAE,https://athgadlang.com/privacy-policy,privacy-policy,Privacy Policy | athGADLANG,27,"What personal information athGADLANG collects through this website, how it is used, and the choices available to you.",117,Privacy Policy,https://athgadlang.com/privacy-policy,(none),title short (27); no social share image,Privacy Policy | athGADLANG ,
UAE,https://athgadlang.com/terms-of-use,terms-of-use,Terms Of Use | athGADLANG,25,"The terms on which athGADLANG makes this website available, including permitted use, intellectual property and limitation of liability.",135,Terms Of Use,https://athgadlang.com/terms-of-use,(none),title short (25); no social share image,Terms Of Use | athGADLANG,
UAE,https://athgadlang.com/legal-information,legal-information,Legal Information | athGADLANG,30,"Important legal information about your use of the athGADLANG website, including warranties, liability and intellectual property.",128,Legal Information,https://athgadlang.com/legal-information,(none),no social share image,,
UAE,https://athgadlang.com/services/assurance,Service,Assurance | athGADLANG,22,"At athGADLANG, we offer strategic assurance solutions that go beyond traditional audits to provide actionable insights, strengthen controls, and mitigate risks in a complex business landscape. Our services deliver confidence in your financials, operations, and compliance, positioning you for sustainable growth and resilience.",327,Assurance,https://athgadlang.com,(none),title short (22); description too long (327); no social share image,Strategic Assurance Solutions | athGADLANG,"Assurance solutions that go beyond audits — strengthening controls, managing risk and building confidence in your financials and compliance."
UAE,https://athgadlang.com/services/accounting,Service,Accounting | athGADLANG,23,We understand that accounting is an area that no business can compromise on. Our team of accounting experts ensures that your stakeholders can use the most accurate and up-to-date records for day-to-day operations and decision-making purposes.,243,Accounting,https://athgadlang.com,(none),title short (23); description too long (243); no social share image,"Accurate Accounting, Every Day | athGADLANG","Our accounting experts ensure your stakeholders have accurate, up-to-date records for day-to-day operations and decision-making."
UAE,https://athgadlang.com/services/tax,Service,Tax | athGADLANG,16,"At athGADLANG, we provide specialized tax services tailored to the UAE's evolving landscape, including the new Corporate Tax regime, ensuring compliance, optimization, and strategic tax planning for businesses operating in this dynamic hub. Our expert-driven solutions help you navigate federal and emirate-specific requirements with precision and foresight.",358,Tax,https://athgadlang.com,(none),title short (16); description too long (358); no social share image,Tax Services for the UAE's Corporate Tax Era | athGADLANG,"athGADLANG helps businesses navigate UAE Corporate Tax with confidence — compliance, planning and precision, federal to emirate-specific."
UAE,https://athgadlang.com/services/resourcing,Service,Resourcing | athGADLANG,23,"At athGADLANG, we provide flexible, expert-driven resourcing solutions that help businesses adapt, scale, and perform in a dynamic environment. Our services are designed to ensure you have the right talent, capabilities, and support, exactly when you need them.",261,Resourcing,https://athgadlang.com,(none),title short (23); description too long (261); no social share image,Resourcing & Talent Solutions in the UAE | aG Resources,"aG Resources delivers flexible resourcing solutions that help businesses adapt and scale — the right talent and support, exactly when you need it."
UAE,https://athgadlang.com/services/business-process-outsourcing,Service,Business Process Outsourcing (BPO) | athGADLANG,47,"Optimize your operations, reduce costs, and enhance efficiency with our Business Process Outsourcing (BPO) solutions. At aG Resources, we provide industry-specific outsourcing services, allowing businesses to delegate non-core functions while maintaining control and quality. Whether you need financial experts, customer support teams, or back-office specialists, our tailored BPO solutions help you scale faster and operate smarter.",433,Business Process Outsourcing (BPO),https://athgadlang.com,(none),description too long (433); no social share image,,"aG Resources's BPO solutions help you delegate non-core functions, financial, customer support and back-office, while you scale faster and operate smarter."
UAE,https://athgadlang.com/services/talent-acquisition,Service,Talent Acquisition | athGADLANG,31,"Finding the right talent is more than just filling positions — it's about securing professionals who drive success. At aG Resources, we act as your dedicated offsite recruitment partner, connecting you with top-tier candidates across industries. Whether you need junior staff or C-suite executives, our strategic hiring solutions ensure you find the perfect fit for your organization.",384,Talent Acquisition,https://athgadlang.com,(none),description too long (384); no social share image,,"aG Resources is your dedicated recruitment partner, connecting you with top-tier candidates across industries — junior staff to C-suite."
UAE,https://athgadlang.com/services/remote-workforce-solutions,Service,Remote Workforce Solutions | athGADLANG,39,"Access top talent without overhead. At aG Resources, we provide dedicated remote professionals under a secondment model, ensuring you get the expertise you need while we manage payroll, administration, and infrastructure. Whether you require short-term specialists or long-term dedicated resources, our remote workforce solutions help you scale efficiently without compromising on quality.",389,Remote Workforce Solutions,https://athgadlang.com,(none),description too long (389); no social share image,,Access top talent without overhead. aG Resources manages payroll and infrastructure while you scale with dedicated remote professionals.
UAE,https://athgadlang.com/services/consulting,Service,Consulting | athGADLANG,23,"At athGADLANG, we help businesses navigate complexity, unlock opportunities, and achieve sustainable growth. Our consulting services combine deep industry expertise with practical insights to support better decision-making across all areas of your organization.",261,Consulting,https://athgadlang.com,(none),title short (23); description too long (261); no social share image,Consulting Services in the UAE | athGADLANG,"athGADLANG's consulting services combine deep industry expertise with practical insights, driving sustainable growth for your business."
UAE,https://athgadlang.com/services/corporate-services,Service,Corporate Services | athGADLANG,31,"At aG Corporate Services, we simplify the entire UAE company formation process – from selecting the right jurisdiction to getting your trade license, visas, and bank account ready.",180,Corporate Services,https://athgadlang.com,(none),description too long (180); no social share image,,"With aG Corporate Services, get expert corporate services covering UAE company formation, including jurisdiction, trade license, visas, and bank account."
UAE,https://athgadlang.com/services/fixed-asset-inventory-management,Service,Fixed Asset & Inventory Management | athGADLANG,47,"At athGADLANG, we deliver expert-led fixed assets and inventory management solutions that empower businesses to maintain accuracy, compliance, and efficiency in their asset lifecycle. Our services ensure precise tracking, valuation, and optimization of fixed assets and inventory, minimizing risks and supporting informed decision-making in dynamic environments.",362,Fixed Asset & Inventory Management,https://athgadlang.com,(none),description too long (362); no social share image,,"athGADLANG delivers expert fixed asset and inventory management with precise tracking, valuation and compliance, minimizing risk at every stage."
UAE,https://athgadlang.com/about/leadership/arshad-gadit,About,Arshad Gadit — Partner & Global CEO | athGADLANG,48,"Arshad is our Global CEO, Head of Public Relations & Partner. He has over 2 decades of firm experience in Europe, South East Asia and Middle East. Prior to joining athGADLANG, Arshad has led the audit practice at BDO Bahrain as an Assurance and Business Advisory Partner.",271,Arshad Gadit,https://athgadlang.com,(none),description too long (271); no social share image,,"Arshad Gadit is athGADLANG's Global CEO and Partner, with over two decades of audit and advisory experience across Europe, Southeast Asia and the Middle East."
UAE,https://athgadlang.com/about/leadership/usman-alam,About,Usman Alam — Partner — Assurance & Compliance | athGADLANG,58,"Usman is a seasoned professional who has spent over 17 years serving clients across various industries with Assurance, Financial Planning, Business Advisory, Financial Reporting, and Compliance services. He has worked with some of the top firms in the industry, including PWC and KPMG, and is a Fellow Chartered Accountant from the Institute of Chartered Accountants of England and Wales (ICAEW).",396,Usman Alam,https://athgadlang.com,(none),description too long (396); no social share image,,"Usman Alam brings 17+ years in Assurance, Financial Reporting and Compliance, with experience at PwC and KPMG. Fellow Chartered Accountant (ICAEW)."
UAE,https://athgadlang.com/about/leadership/yasir-gadit,About,Yasir Gadit — Partner — Consulting | athGADLANG,47,"Yasir is our leader for the Consulting division. He is a Fellow Chartered Accountant from the Institute of Chartered Accountants of Pakistan (ICAP). With more than 19 years of experience, Yasir is passionate adding value to our clients, and is a huge cricket enthusiast.",270,Yasir Gadit,https://athgadlang.com,(none),description too long (270); no social share image,,Yasir Gadit leads athGADLANG's Consulting division. A Fellow Chartered Accountant (ICAP) with 19+ years of experience adding value for clients.
UAE,https://athgadlang.com/about/leadership/abdullah-taimoor,About,Abdullah Taimoor — Partner — Fixed Asset & Inventory Management | athGADLANG,76,"Abdullah Taimoor is a distinguished finance professional with over 18 years of experience, including a tenure as an external auditor at PwC, where he audited leading banks, funds, and insurance companies. He holds an MBA in Finance and is a certified ACCA, bringing deep expertise in auditing, financial reporting, and operational risk management.",347,Abdullah Taimoor,https://athgadlang.com,(none),title too long (76); description too long (347); no social share image,Abdullah Taimoor — Partner — FAIM | athGADLANG,"Abdullah Taimoor is a Partner at athGADLANG with 18+ years in finance, including auditing at PwC. MBA in Finance, certified ACCA."
UAE,https://athgadlang.com/about/leadership/arslan-mushtaq,About,Arslan Mushtaq — Partner — Tax | athGADLANG,43,"Arslan leads the team at our Tax division. His experience spans over 19 years of post qualification tenure in VAT, Audit Assurance and Internal Audit working at PwC, KPMG and FRHI in the UK and UAE.",198,Arslan Mushtaq,https://athgadlang.com,(none),description too long (198); no social share image,,"Arslan Mushtaq leads athGADLANG's Tax division — 19+ years in VAT, Audit and Internal Audit at PwC, KPMG and FRHI, across the UK and UAE."
UAE,https://athgadlang.com/about/leadership/abdul-aziz-lang,About,Abdul Aziz Lang — Partner — Strategy | athGADLANG,49,"Abdul Aziz Lang is one of the most senior partners of the firm, with more than three decades of experience in Consulting, Corporate Finance, and Strategy. Abdul Aziz is a fellow member of the Institute of Chartered Accountants of Pakistan, Institute of Cost and Management Accountants, Institute of Corporate Secretaries, and a Certified Strategic Management Master.",366,Abdul Aziz Lang,https://athgadlang.com,(none),description too long (366); no social share image,,"Abdul Aziz Lang is one of athGADLANG's most senior partners — 30+ years in Consulting, Corporate Finance and Strategy, and a Fellow Chartered Accountant."
UAE,https://athgadlang.com/about/leadership/saqib-nisar,About,Saqib Nisar — Managing Partner | athGADLANG,43,"Saqib Nisar has over 25 years of experience in the field of investigations, contract reviews, financial crime, AML and sanctions assessments, audit, accounting, forensics, and related services. He has worked in a range of industries, including construction, logistics, trading and contracting services, and oil & gas sectors.",325,Saqib Nisar,https://athgadlang.com,(none),description too long (325); no social share image,,"Saqib Nisar is athGADLANG's Managing Partner, with 25+ years in financial crime, AML, forensics and investigations across multiple industries."
UAE,https://athgadlang.com/about/leadership/haziq-neshat-akhtar,About,"Haziq Neshat Akhtar — Partner — Risk, Financial Crimes & Transaction Advisory | athGADLANG",90,"Haziq Neshat Akhtar leads the Advisory division at athGADLANG & WATHIQ. With over 16 years of experience, he specializes in risk management, forensic audits, corporate advisory, and financial consulting.",203,Haziq Neshat Akhtar,https://athgadlang.com,(none),title too long (90); description too long (203); no social share image,"Haziq N. Akhtar — Partner, Risk Advisory | athGADLANG","Haziq Neshat Akhtar leads athGADLANG & Wathiq's Advisory division, specializing in risk management, forensic audits and corporate advisory."
UAE,https://athgadlang.com/about/leadership/osman-babar,About,Osman Babar — Partner — BPO Services | athGADLANG,49,"Osman is our Partner of Business Process Outsourcing (BPO) Services and a fellow member of the Institute of Chartered Accountants of Pakistan. He is a determined, highly motivated, and skilled professional with more than 22 years of experience.",244,Osman Babar,https://athgadlang.com,(none),description too long (244); no social share image,,"Osman Babar is athGADLANG's Partner for BPO Services, a Fellow of the Institute of Chartered Accountants of Pakistan, with 22+ years of experience."
UAE,https://athgadlang.com/about/leadership/sikandar-gadit,About,Sikandar Gadit — Partner & Chief Operating Officer | athGADLANG,63,"Sikander Abdul Rehman Gadit is the COO at athGADLANG & WATHIQ, with over 25 years of international experience across the UAE, KSA, Bahrain, and Pakistan. He specializes in business operations, growth strategy, and market expansion, helping organizations build scalable and efficient operating models.",300,Sikandar Gadit,https://athgadlang.com,(none),title too long (63); description too long (300); no social share image,Sikandar Gadit — Partner & COO | athGADLANG,"Sikandar Gadit, athGADLANG & Wathiq's COO, brings 25+ years across the UAE, KSA, Bahrain and Pakistan in operations and growth strategy."
UAE,https://athgadlang.com/about/leadership/khushboo-mushtaq,About,Khushboo Mushtaq — Director — Financial Accounting & Advisory Services (FAAS) | athGADLANG,90,A Chartered Accountant from Institute of Chartered Accountants of Pakistan. Khushboo's experience spans across a spectrum of verticals in more than one country and has a strong grip on IFRS.,190,Khushboo Mushtaq,https://athgadlang.com,(none),title too long (90); description too long (190); no social share image,"Khushboo Mushtaq — Director, FAAS | athGADLANG","Khushboo Mushtaq, athGADLANG's FAAS Director, is a Chartered Accountant (ICAP) with strong IFRS expertise across multiple countries."
UAE,https://athgadlang.com/insights/which-industries-outsource-the-most,Insight article,Which Industries Outsource the Most | athGADLANG,48,"Outsourcing is no longer limited to large multinational corporations. Today, businesses of every size are outsourcing critical functions to improve efficiency, reduce operational costs, and…",190,Which Industries Outsource the Most,https://athgadlang.com/insights/which-industries-outsource-the-most,https://images.unsplash.com/photo-1454165804606-c3d57bc86b40?auto=format&fit=crop&q=80&w=1400,description too long (190),,Outsourcing is no longer limited to large corporations — businesses of every size now outsource key functions to improve efficiency and cut costs.
UAE,https://athgadlang.com/insights/what-do-whatsapp,Insight article,What Do WhatsApp | athGADLANG,29,"When people think about companies like WhatsApp, Slack, or Google, they often focus on the products these businesses built or the billions of dollars they are worth today.",171,What Do WhatsApp,https://athgadlang.com/insights/what-do-whatsapp,https://images.unsplash.com/photo-1589829545856-d10d557cf95f?auto=format&fit=crop&q=80&w=1400,title short (29); description too long (171),"What WhatsApp, Slack and Google Get Right | athGADLANG","When people think about companies like WhatsApp, Slack or Google, they focus on the product built or the billions it's worth — not what got them there."
UAE,https://athgadlang.com/insights/talent-outsourcing-has-become-a-business-strategy,Insight article,Talent Outsourcing Has Become a Business Strategy | athGADLANG,62,"For many years, business growth followed a predictable pattern. As companies acquired more clients and expanded their operations, they hired more employees, leased larger office spaces, and…",190,Talent Outsourcing Has Become a Business Strategy,https://athgadlang.com/insights/talent-outsourcing-has-become-a-business-strategy,https://images.unsplash.com/photo-1526628953301-3e589a6a8b74?auto=format&fit=crop&q=80&w=1400,title too long (62); description too long (190),Talent Outsourcing Is Now a Business Strategy | athGADLANG,"For years, business growth followed a predictable pattern: hire more staff, lease bigger offices, and scale headcount alongside revenue. That's changing."
UAE,https://athgadlang.com/insights/where-exactly-is-dubai-going-with-all-of-this-in-2026,Insight article,Where Exactly Is Dubai Going With All of This in 2026? | athGADLANG,67,"Most cities build in one direction at a time. Up, when land runs out. Outward, when the population grows. Occasionally inward, when a government decides to renovate something. Dubai is…",185,Where Exactly Is Dubai Going With All of This in 2026?,https://athgadlang.com/insights/where-exactly-is-dubai-going-with-all-of-this-in-2026,https://images.unsplash.com/photo-1526628953301-3e589a6a8b74?auto=format&fit=crop&q=80&w=1400,title too long (67); description too long (185),Dubai in 2026: Where Is This All Going? | athGADLANG,"Most cities build in one direction at a time - up, outward, occasionally inward. Dubai is doing something else entirely, building in all of them at once."
UAE,https://athgadlang.com/insights/appfolio-automates-property-management-yet-cannot-do-your-bookkeeping,Insight article,AppFolio Automates Property Management Yet Cannot Do Your Bookkeeping | athGADLANG,82,"If your property management firm uses AppFolio, you are already ahead of many businesses.",89,AppFolio Automates Property Management Yet Cannot Do Your Bookkeeping,https://athgadlang.com/insights/appfolio-automates-property-management-yet-cannot-do-your-bookkeeping,https://images.unsplash.com/photo-1554774853-aae0a22c8aa4?auto=format&fit=crop&q=80&w=1400,title too long (82),AppFolio Automates PM — Not Bookkeeping | athGADLANG,
UAE,https://athgadlang.com/insights/dubai-nostalgia-basma-malik,Insight article,Dubai Nostalgia- Basma Malik | athGADLANG,41,"Before it was the Marina, before the Mall of the Emirates, before everyone needed a GPS just to find their own neighbourhood.",125,Dubai Nostalgia- Basma Malik,https://athgadlang.com/insights/dubai-nostalgia-basma-malik,https://images.unsplash.com/photo-1554774853-aae0a22c8aa4?auto=format&fit=crop&q=80&w=1400,OK,,
UAE,https://athgadlang.com/insights/visa-on-arrival,Insight article,Visa on Arrival | athGADLANG,28,UAE Expands Visa on Arrival Access to Six More Countries,56,Visa on Arrival,https://athgadlang.com/insights/visa-on-arrival,https://images.unsplash.com/photo-1450101499163-c8848c66ca85?auto=format&fit=crop&q=80&w=1400,title short (28); description short (56),UAE Expands Visa on Arrival to Six Countries | athGADLANG,"The UAE has expanded visa-on-arrival access to six additional countries, opening easier entry for more nationalities. Here's what changed and who it affects."
UAE,https://athgadlang.com/insights/six-dishes-one-table-and-the-dessert-that-never-made-it,Insight article,"Six Dishes, One Table, and the Dessert That Never Made It | athGADLANG",70,"Hosting a dinner sounds exciting until you become the chef, planner, cleaner, and dishwasher all in one day. Last weekend, I challenged myself to cook six dishes from scratch for my guests.…",190,"Six Dishes, One Table, and the Dessert That Never Made It",https://athgadlang.com/insights/six-dishes-one-table-and-the-dessert-that-never-made-it,https://images.unsplash.com/photo-1460925895917-afdab827c52f?auto=format&fit=crop&q=80&w=1400,title too long (70); description too long (190),"Six Dishes, One Table, One Missing Dessert | athGADLANG","Hosting sounds exciting until you're the chef, planner and cleanup crew in one. Six dishes from scratch — and the dessert that didn't make it."
UAE,https://athgadlang.com/insights/yardi-is-not-replacing-your-property-management-accountant,Insight article,Yardi Is Not Replacing Your Property Management Accountant | athGADLANG,71,"If your property management firm uses Yardi, you already know how powerful the platform can be.",95,Yardi Is Not Replacing Your Property Management Accountant,https://athgadlang.com/insights/yardi-is-not-replacing-your-property-management-accountant,https://images.unsplash.com/photo-1450101499163-c8848c66ca85?auto=format&fit=crop&q=80&w=1400,title too long (71),Yardi Isn't Replacing Your PM Accountant | athGADLANG,"If your property management firm uses Yardi, you already know how powerful the platform can be but powerful software still isn't an accountant."
UAE,https://athgadlang.com/insights/software-is-not-fixing-your-accounting-problems,Insight article,Software Is Not Fixing Your Accounting Problems | athGADLANG,60,"Many property management firms believe the answer to accounting challenges is a better software platform. So, they upgrade. They move to AppFolio, Yardi, Buildium, Rent Manager, or another…",189,Software Is Not Fixing Your Accounting Problems,https://athgadlang.com/insights/software-is-not-fixing-your-accounting-problems,https://images.unsplash.com/photo-1460925895917-afdab827c52f?auto=format&fit=crop&q=80&w=1400,description too long (189),,"Many property management firms think better software fixes accounting problems. They upgrade to AppFolio, Yardi or Buildium — and the problems stay."
UAE,https://athgadlang.com/insights/firms-lose-clients-over-accounting,Insight article,Firms Lose Clients Over Accounting | athGADLANG,47,"Most property management firms believe they lose clients because of maintenance issues, tenant complaints, or operational mistakes.",131,Firms Lose Clients Over Accounting,https://athgadlang.com/insights/firms-lose-clients-over-accounting,https://images.unsplash.com/photo-1507679799987-c73779587ccf?auto=format&fit=crop&q=80&w=1400,OK,,
UAE,https://athgadlang.com/insights/how-is-dubai-habitable-for-both-penguins-and-47-degree-heat,Insight article,How Is Dubai Habitable for Both Penguins and 47 Degree Heat | athGADLANG,72,How’s Dubai keeping Penguins in 47 Degree Heat!,47,How Is Dubai Habitable for Both Penguins and 47 Degree Heat,https://athgadlang.com/insights/how-is-dubai-habitable-for-both-penguins-and-47-degree-heat,https://images.unsplash.com/photo-1512453979798-5ea266f8880c?auto=format&fit=crop&q=80&w=1400,title too long (72); description short (47),How Dubai Handles Penguins in 47° Heat | athGADLANG,Dubai is home to an indoor penguin habitat even as summer temperatures outside climb past 47°C. Here's how the city pulls off both extremes.
UAE,https://athgadlang.com/insights/kimchi-and-dubai-chocolate-showdown-boom-boom-kaboom,Insight article,Kimchi and Dubai Chocolate showdown boom boom kaboom | athGADLANG,65,Dubai Chocolate is now fighting with Kimchi…,44,Kimchi and Dubai Chocolate showdown boom boom kaboom,https://athgadlang.com/insights/kimchi-and-dubai-chocolate-showdown-boom-boom-kaboom,https://images.unsplash.com/photo-1554224155-6726b3ff858f?auto=format&fit=crop&q=80&w=1400,title too long (65); description short (44),The Dubai Chocolate and Kimchi Showdown | athGADLANG,"Dubai Chocolate and Kimchi are having a moment online, both going viral for very different reasons. Here's what's actually behind the trend."
UAE,https://athgadlang.com/insights/your-next-property-management-hire-might-not-need-to-be-a-hire-at-all,Insight article,Your Next Property Management Hire Might Not Need to Be a Hire at All | athGADLANG,82,"If you run a property management firm in North America, chances are you have faced this situation. Your portfolio grows. Reporting takes longer. Owner statements start piling up. Month-end…",189,Your Next Property Management Hire Might Not Need to Be a Hire at All,https://athgadlang.com/insights/your-next-property-management-hire-might-not-need-to-be-a-hire-at-all,https://images.unsplash.com/photo-1543286386-713bdd548da4?auto=format&fit=crop&q=80&w=1400,title too long (82); description too long (189),Your Next PM Hire Might Not Be a Hire | athGADLANG,Growing your property management portfolio in North America often means slower reporting and a growing month-end backlog. There's another way.
UAE,https://athgadlang.com/insights/ninety-countries-before-midnight,Insight article,Ninety Countries Before Midnight | athGADLANG,45,"Every winter, somewhere along the long stretch of Sheikh Mohammed Bin Zayed Road, an entire planet rises out of the desert and stays open until well past your bedtime. Global Village, for…",188,Ninety Countries Before Midnight,https://athgadlang.com/insights/ninety-countries-before-midnight,https://images.unsplash.com/photo-1454165804606-c3d57bc86b40?auto=format&fit=crop&q=80&w=1400,description too long (188),,"Every winter, Global Village transforms a stretch of desert off Sheikh Mohammed Bin Zayed Road into ninety countries under one roof, open till late."
UAE,https://athgadlang.com/insights/dubai-s-happiness-economy-can-propaganda-be-beautiful,Insight article,Dubai’s “happiness economy” can propaganda be beautiful | athGADLANG,68,"Dubai does not just sell luxury. It sells a feeling. From futuristic skyscrapers to spotless malls and beach clubs that look designed for Instagram, the city has mastered the art of making…",189,Dubai’s “happiness economy” can propaganda be beautiful,https://athgadlang.com/insights/dubai-s-happiness-economy-can-propaganda-be-beautiful,https://images.unsplash.com/photo-1589829545856-d10d557cf95f?auto=format&fit=crop&q=80&w=1400,title too long (68); description too long (189),Can Propaganda Be Beautiful? | athGADLANG,"Dubai doesn't just sell luxury. It sells a feeling. From skyscrapers to Instagram-ready beach clubs, the city has mastered the art of image-making."
UAE,https://athgadlang.com/insights/the-property-management-firms-winning-in-north-america-are-not-building-bigger-a,Insight article,The Property Management Firms Winning in North America Are Not Building Bigger Accounting Teams | athGADLANG,108,"Across North America, property management firms are growing aggressively. More units are being added. More owners are being onboarded. More properties are entering portfolios every month.",187,The Property Management Firms Winning in North America Are Not Building Bigger Accounting Teams,https://athgadlang.com/insights/the-property-management-firms-winning-in-north-america-are-not-building-bigger-a,https://images.unsplash.com/photo-1552581234-26160f608093?auto=format&fit=crop&q=80&w=1400,title too long (108); description too long (187),Why Top PM Firms Skip Bigger Accounting Teams | athGADLANG,"Across North America, property management firms are growing fast — more units, more owners, more properties. But headcount isn't the growth strategy."
UAE,https://athgadlang.com/insights/the-parking-full-effect-what-dubai-malls-teach-us-about-perceived-value,Insight article,The “Parking Full” Effect: What Dubai Malls Teach Us About Perceived Value | athGADLANG,87,"On a typical weekend in Dubai, the experience often begins before you even enter the mall.",90,The “Parking Full” Effect: What Dubai Malls Teach Us About Perceived Value,https://athgadlang.com/insights/the-parking-full-effect-what-dubai-malls-teach-us-about-perceived-value,https://images.unsplash.com/photo-1526628953301-3e589a6a8b74?auto=format&fit=crop&q=80&w=1400,title too long (87),What 'Parking Full' Teaches Us About Value | athGADLANG,
UAE,https://athgadlang.com/insights/property-management-firms-in-north-america-are-rapidly-outsourcing-accounting-an,Insight article,Property Management Firms in North America Are Rapidly Outsourcing Accounting and Bookkeeping | athGADLANG,106,"If you run a property management firm in North America, you have probably noticed something. Accounting and bookkeeping are taking up more time than they used to.",162,Property Management Firms in North America Are Rapidly Outsourcing Accounting and Bookkeeping,https://athgadlang.com/insights/property-management-firms-in-north-america-are-rapidly-outsourcing-accounting-an,https://images.unsplash.com/photo-1521791136064-7986c2920216?auto=format&fit=crop&q=80&w=1400,title too long (106); description too long (162),PM Firms Are Rapidly Outsourcing Accounting | athGADLANG,"If you run a property management firm in North America, you've probably noticed: accounting and bookkeeping now take up more time than they used to."
UAE,https://athgadlang.com/insights/what-top-property-management-firms-in-north-america-do-differently-with-their-ac,Insight article,What Top Property Management Firms in North America Do Differently With Their Accounting | athGADLANG,101,"If you look closely at the fastest-growing property management firms in North America, you will notice something interesting. They are not just better at managing properties. They are…",184,What Top Property Management Firms in North America Do Differently With Their Accounting,https://athgadlang.com/insights/what-top-property-management-firms-in-north-america-do-differently-with-their-ac,https://images.unsplash.com/photo-1551288049-bebda4e38f71?auto=format&fit=crop&q=80&w=1400,title too long (101); description too long (184),What Top Property Management Firms Do | athGADLANG,"Look closely at the fastest-growing property management firms, and you'll notice: they're not just better at managing properties."
UAE,https://athgadlang.com/insights/the-hidden-cost-of-in,Insight article,The Hidden Cost of In | athGADLANG,34,"If you run a property management firm in North America, you probably believe that keeping accounting in-house gives you control. It feels safer. It feels familiar. And for many firms, it…",187,The Hidden Cost of In,https://athgadlang.com/insights/the-hidden-cost-of-in,https://images.unsplash.com/photo-1512453979798-5ea266f8880c?auto=format&fit=crop&q=80&w=1400,description too long (187),,"If you run a property management firm in North America, keeping accounting in-house feels safer and more familiar. But it isn't always cheaper."
UAE,https://athgadlang.com/insights/red-flags-your-property-management-accounting-needs-outsourcing-in-north-america,Insight article,Red Flags Your Property Management Accounting Needs Outsourcing in North America | athGADLANG,93,"If you are running a property management firm in North America, you already know this. Managing properties is only half the job. The real pressure often sits behind the scenes in your…",184,Red Flags Your Property Management Accounting Needs Outsourcing in North America,https://athgadlang.com/insights/red-flags-your-property-management-accounting-needs-outsourcing-in-north-america,https://images.unsplash.com/photo-1554224155-6726b3ff858f?auto=format&fit=crop&q=80&w=1400,title too long (93); description too long (184),Red Flags in Property Management Accounting | athGADLANG,Running a property management firm in North America means managing properties is only half the job. These are the signs it's time to outsource accounting.
UAE,https://athgadlang.com/insights/dubai-has-more-cars-than-people,Insight article,Dubai has more cars than people | athGADLANG,44,Every morning Sheikh Zayed Road turns into the world's most expensive parking lot and 91 percent of the city is in it.,118,Dubai has more cars than people,https://athgadlang.com/insights/dubai-has-more-cars-than-people,https://images.unsplash.com/photo-1554224155-6726b3ff858f?auto=format&fit=crop&q=80&w=1400,OK,,
UAE,https://athgadlang.com/insights/dubai-without-burj-e-khalifa,Insight article,Dubai without Burj e Khalifa | athGADLANG,41,Dubai Without the Burj Khalifa: What if it had never been built at all?,71,Dubai without Burj e Khalifa,https://athgadlang.com/insights/dubai-without-burj-e-khalifa,https://images.unsplash.com/photo-1521791136064-7986c2920216?auto=format&fit=crop&q=80&w=1400,OK,,
UAE,https://athgadlang.com/insights/is-dubai-really-a-shopping-mall-pretending-to-be-a-country,Insight article,Is Dubai Really a Shopping Mall Pretending to be a Country | athGADLANG,71,"Imagine walking into a mall to grab a snack… and somehow ending up next to the tallest building in the world, watching people ski indoors while it’s blazing hot outside. That sounds fake…",187,Is Dubai Really a Shopping Mall Pretending to be a Country,https://athgadlang.com/insights/is-dubai-really-a-shopping-mall-pretending-to-be-a-country,https://images.unsplash.com/photo-1551288049-bebda4e38f71?auto=format&fit=crop&q=80&w=1400,title too long (71); description too long (187),Is Dubai Really Just a Shopping Mall? | athGADLANG,"Walk into a mall for a snack and somehow end up beside the world's tallest building, skiing indoors while it's blazing hot outside. Welcome to Dubai."
UAE,https://athgadlang.com/insights/property-management-outsourcing-is-reshaping-real-estate-in-north-america,Insight article,Property Management Outsourcing Is Reshaping Real Estate in North America | athGADLANG,86,"If you are managing properties in North America, you have likely felt it already. Costs are rising, tenant expectations are increasing, and operational complexity is becoming harder to…",185,Property Management Outsourcing Is Reshaping Real Estate in North America,https://athgadlang.com/insights/property-management-outsourcing-is-reshaping-real-estate-in-north-america,https://images.unsplash.com/photo-1454165804606-c3d57bc86b40?auto=format&fit=crop&q=80&w=1400,title too long (86); description too long (185),Property Management Outsourcing Is Growing | athGADLANG,"If you manage properties in North America, you've likely felt it — rising costs, growing tenant expectations, and operations getting harder to run alone."
UAE,https://athgadlang.com/insights/the-shawarma-principle-why-simple-consistent-wins-beat-fancy-strategy-decks,Insight article,"The Shawarma Principle: Why Simple, Consistent Wins Beat Fancy Strategy Decks | athGADLANG",90,"In a region where shawarma is both a comfort food and a daily ritual, there is an unspoken truth everyone understands. The best shawarma is rarely the most complex one. It is the one that…",188,"The Shawarma Principle: Why Simple, Consistent Wins Beat Fancy Strategy Decks",https://athgadlang.com/insights/the-shawarma-principle-why-simple-consistent-wins-beat-fancy-strategy-decks,https://images.unsplash.com/photo-1512453979798-5ea266f8880c?auto=format&fit=crop&q=80&w=1400,title too long (90); description too long (188),The Shawarma Principle Explained | athGADLANG,"In a region where shawarma is both comfort food and daily ritual, everyone knows one truth: the best shawarma is rarely the most complicated one."
UAE,https://athgadlang.com/insights/uae-basmamalik-1,Insight article,UAE-BasmaMalik(1) | athGADLANG,30,Character Limit: Title = 55-60 characters,41,UAE-BasmaMalik(1),https://athgadlang.com/insights/uae-basmamalik-1,https://images.unsplash.com/photo-1454165804606-c3d57bc86b40?auto=format&fit=crop&q=80&w=1400,description short (41),,
UAE,https://athgadlang.com/insights/falcons-in-the-uae-are-boarding-planes,Insight article,Falcons in the UAE are boarding planes | athGADLANG,51,"If you have ever boarded a flight in the UAE and felt that the experience was unusually luxurious, there is a chance you were still not the most privileged passenger on board.",175,Falcons in the UAE are boarding planes,https://athgadlang.com/insights/falcons-in-the-uae-are-boarding-planes,https://images.unsplash.com/photo-1526628953301-3e589a6a8b74?auto=format&fit=crop&q=80&w=1400,description too long (175),,"If you've ever boarded a flight in the UAE and felt it was unusually luxurious, there's a chance you weren't the most privileged passenger aboard."
UAE,https://athgadlang.com/insights/behind-the-birkins,Insight article,Behind the Birkins | athGADLANG,31,"Scroll Instagram for five minutes, and you’ll probably see it: a perfectly styled Emirati woman stepping out of a luxury car, an Hermès Birkin casually hanging off her arm like it’s no big…",189,Behind the Birkins,https://athgadlang.com/insights/behind-the-birkins,https://images.unsplash.com/photo-1507679799987-c73779587ccf?auto=format&fit=crop&q=80&w=1400,description too long (189),,"Scroll Instagram for five minutes and you'll see it: a perfectly styled Emirati woman, a Hermès Birkin hanging off her arm like it's nothing."
UAE,https://athgadlang.com/insights/cats-in-the-uae-are-no-longer-just-pets,Insight article,Cats in the UAE are no longer just pets | athGADLANG,52,Why Cats Are Becoming Part of Workplaces in the UAE,51,Cats in the UAE are no longer just pets,https://athgadlang.com/insights/cats-in-the-uae-are-no-longer-just-pets,https://images.unsplash.com/photo-1460925895917-afdab827c52f?auto=format&fit=crop&q=80&w=1400,description short (51),,"Across the UAE, cats are becoming fixtures in offices and workplaces, not just pets at home, but companions, mascots and morale boosters at work."
UAE,https://athgadlang.com/insights/glass-towers-invisible-lives,Insight article,"Glass Towers, Invisible Lives | athGADLANG",42,The skyline of the United Arab Emirates tells a story of ambition. Towering glass buildings reflect sunlight by day and global success by night. Cities like Dubai and Abu Dhabi have become…,189,"Glass Towers, Invisible Lives",https://athgadlang.com/insights/glass-towers-invisible-lives,https://images.unsplash.com/photo-1543286386-713bdd548da4?auto=format&fit=crop&q=80&w=1400,description too long (189),,The UAE skyline tells a story of ambition — glass towers reflecting sunlight by day and success by night. But every skyline has a story beneath it.
UAE,https://athgadlang.com/insights/happycracy-inside-the-uae-s-world-first-ministry-of-feelings,Insight article,Happycracy Inside the UAE's World-First Ministry of Feelings | athGADLANG,73,Happycracy: Inside the UAE’s World-First Ministry of Happiness,62,Happycracy Inside the UAE's World-First Ministry of Feelings,https://athgadlang.com/insights/happycracy-inside-the-uae-s-world-first-ministry-of-feelings,https://images.unsplash.com/photo-1552581234-26160f608093?auto=format&fit=crop&q=80&w=1400,title too long (73); description short (62),Inside the UAE's Ministry of Happiness | athGADLANG,The UAE was the first country to appoint a Minister of Happiness. Here's what Happycracy looks like when a government makes wellbeing official policy.
UAE,https://athgadlang.com/insights/employees-secretly-using-ai-across-the-gcc,Insight article,Employees Secretly Using AI Across the GCC | athGADLANG,55,Artificial intelligence is officially being adopted across the GCC. Governments are investing in it. Corporations are announcing AI strategies. Executives are discussing transformation…,185,Employees Secretly Using AI Across the GCC,https://athgadlang.com/insights/employees-secretly-using-ai-across-the-gcc,https://images.unsplash.com/photo-1507679799987-c73779587ccf?auto=format&fit=crop&q=80&w=1400,description too long (185),,"Governments are investing in AI. Corporations are announcing strategies. But across the GCC, employees are already using it — quietly, on their own."
UAE,https://athgadlang.com/insights/why-matcha-is-quietly-becoming-the-uae,Insight article,Why Matcha Is Quietly Becoming the UAE | athGADLANG,51,Why Matcha Is Now the UAE’s Most In-Demand Drink,48,Why Matcha Is Quietly Becoming the UAE,https://athgadlang.com/insights/why-matcha-is-quietly-becoming-the-uae,https://images.unsplash.com/photo-1552581234-26160f608093?auto=format&fit=crop&q=80&w=1400,description short (48),,"From niche to mainstream, matcha has quietly become the UAE's most in-demand drink — now a fixture on menus and in everyday routines."
UAE,https://athgadlang.com/insights/uae-corporate-tax-risks-and-realities,Insight article,UAE Corporate Tax - Risks and Realities | athGADLANG,52,"One year ago, the UAE introduced corporate tax, reshaping how businesses think about compliance, governance, and strategy.",122,UAE Corporate Tax - Risks and Realities,https://athgadlang.com/insights/uae-corporate-tax-risks-and-realities,https://images.unsplash.com/photo-1554224155-6726b3ff858f?auto=format&fit=crop&q=80&w=1400,OK,,
UAE,https://athgadlang.com/insights/uae-non-oil-trade-reaches-1-trillion-opportunities-and-risks,Insight article,UAE Non-Oil Trade Reaches $1 Trillion: Opportunities and Risks | athGADLANG,75,"The Emirates just crossed a revenue number nobody expected - not until 2031, anyway. Most of all, The Emirates crossed it in NON-OIL TRADE.",139,UAE Non-Oil Trade Reaches $1 Trillion: Opportunities and Risks,https://athgadlang.com/insights/uae-non-oil-trade-reaches-1-trillion-opportunities-and-risks,https://images.unsplash.com/photo-1454165804606-c3d57bc86b40?auto=format&fit=crop&q=80&w=1400,title too long (75),UAE Non-Oil Trade Reaches $1 Trillion | athGADLANG,
UAE,https://athgadlang.com/insights/why-us-companies-are-freezing-hiring-while-productivity-is-rising,Insight article,Why US Companies Are Freezing Hiring While Productivity is Rising | athGADLANG,78,At first glance the US job market appears resilient. Headline employment numbers remain strong and corporate earnings continue to show stability. Yet beneath the surface many US companies…,188,Why US Companies Are Freezing Hiring While Productivity is Rising,https://athgadlang.com/insights/why-us-companies-are-freezing-hiring-while-productivity-is-rising,https://images.unsplash.com/photo-1551288049-bebda4e38f71?auto=format&fit=crop&q=80&w=1400,title too long (78); description too long (188),Why US Companies Are Freezing Hiring | athGADLANG,"At first glance, the US job market looks resilient — strong headline numbers, stable earnings. But beneath the surface, hiring has quietly stalled."
UAE,https://athgadlang.com/insights/rwa-tokenisation-in-the-uae,Insight article,RWA Tokenisation in the UAE | athGADLANG,40,RWA Tokenisation in the UAE: What Asset Owners Need to Know in 2026,67,RWA Tokenisation in the UAE,https://athgadlang.com/insights/rwa-tokenisation-in-the-uae,https://images.unsplash.com/photo-1589829545856-d10d557cf95f?auto=format&fit=crop&q=80&w=1400,description short (67),,RWA (real world asset) tokenisation is gaining ground in the UAE. Here's what asset owners need to know before 2026 regulations take shape.
UAE,https://athgadlang.com/insights/why-businesses-in-dubai-are-failing-without-proper-financial-advisory,Insight article,Why Businesses in Dubai Are Failing Without Proper Financial Advisory | athGADLANG,82,"Dubai is built on opportunity, speed, and ambition. Every year, thousands of new businesses launch across the city, attracted by a dynamic economy, global access, and pro-business policies.…",190,Why Businesses in Dubai Are Failing Without Proper Financial Advisory,https://athgadlang.com/insights/why-businesses-in-dubai-are-failing-without-proper-financial-advisory,https://images.unsplash.com/photo-1526628953301-3e589a6a8b74?auto=format&fit=crop&q=80&w=1400,title too long (82); description too long (190),Why Dubai Businesses Fail Without Advisory | athGADLANG,"Dubai is built on opportunity, speed and ambition. Thousands of new businesses launch every year — but not all of them survive the ones that don't plan."
UAE,https://athgadlang.com/insights/why-ai-is-quietly-reshaping-entry,Insight article,Why AI Is Quietly Reshaping Entry | athGADLANG,46,"Artificial intelligence is no longer a distant concept for businesses in the GCC. It is already transforming how work is done, particularly in entry-level and junior roles. Across the UAE…",188,Why AI Is Quietly Reshaping Entry,https://athgadlang.com/insights/why-ai-is-quietly-reshaping-entry,https://images.unsplash.com/photo-1512453979798-5ea266f8880c?auto=format&fit=crop&q=80&w=1400,description too long (188),,"AI is already reshaping how work gets done across the GCC, especially in entry-level and junior roles — and the UAE is leading the shift."
UAE,https://athgadlang.com/insights/why-payroll-can-make-or-break-your-uae-business,Insight article,Why Payroll Can Make or Break Your UAE Business | athGADLANG,60,"Payroll is often seen as just an administrative task. However, in the UAE’s rapidly evolving business environment, it holds far greater significance. It is not only about paying salaries on…",190,Why Payroll Can Make or Break Your UAE Business,https://athgadlang.com/insights/why-payroll-can-make-or-break-your-uae-business,https://images.unsplash.com/photo-1589829545856-d10d557cf95f?auto=format&fit=crop&q=80&w=1400,description too long (190),,"Payroll often looks like just an administrative task. In the UAE's fast-evolving business environment, it's far more — and getting it wrong costs more too."
UAE,https://athgadlang.com/insights/the-science-behind-doomscrolling,Insight article,The science behind doomscrolling | athGADLANG,45,"There is a small, steady labor that many of us perform without permission: we feed our attention to a river of bad news. The river runs through apps and timelines, through notification…",185,The science behind doomscrolling,https://athgadlang.com/insights/the-science-behind-doomscrolling,https://images.unsplash.com/photo-1507679799987-c73779587ccf?auto=format&fit=crop&q=80&w=1400,description too long (185),,"There's a small, steady labor many of us perform without permission — feeding our attention to a river of bad news, one notification at a time."
UAE,https://athgadlang.com/insights/corporate-culture-in-the-emirates,Insight article,Corporate Culture in the Emirates | athGADLANG,46,"Corporate culture in the UAE often looks stable. Your workforce, however, is constantly changing.",97,Corporate Culture in the Emirates,https://athgadlang.com/insights/corporate-culture-in-the-emirates,https://images.unsplash.com/photo-1543286386-713bdd548da4?auto=format&fit=crop&q=80&w=1400,OK,,
UAE,https://athgadlang.com/insights/uae-s-markets-offer-opportunities-for-global-investors,Insight article,UAE’s Markets Offer Opportunities for Global Investors | athGADLANG,67,"Big changes are coming to the UAE’s financial markets in 2026. If you’re thinking about investing or expanding your business here, this is a moment you won’t want to miss. For the first…",186,UAE’s Markets Offer Opportunities for Global Investors,https://athgadlang.com/insights/uae-s-markets-offer-opportunities-for-global-investors,https://images.unsplash.com/photo-1552581234-26160f608093?auto=format&fit=crop&q=80&w=1400,title too long (67); description too long (186),UAE Markets Open Doors for Global Investors | athGADLANG,"Big changes are coming to the UAE's financial markets in 2026. If you're investing or expanding here, this is a moment you won't want to miss."
UAE,https://athgadlang.com/insights/the-2026-uae-tax-changes,Insight article,The 2026 UAE Tax Changes | athGADLANG,37,The UAE tax system looks the same in 2026. The rules underneath it are not.,75,The 2026 UAE Tax Changes,https://athgadlang.com/insights/the-2026-uae-tax-changes,https://images.unsplash.com/photo-1521791136064-7986c2920216?auto=format&fit=crop&q=80&w=1400,OK,,
Bahrain,https://bh.athgadlang.com/,Homepage,"athGADLANG — Audit, Tax, Accounting and Advisory in Bahrain",59,"athGADLANG is an audit, tax and advisory firm in Bahrain. Statutory audit, corporate tax, VAT, company formation and outsourced finance for growing businesses.",159,Clarity in the numbers. Confidence in every decision.,https://bh.athgadlang.com,(none),no social share image,,
Bahrain,https://bh.athgadlang.com/services,services,Services | athGADLANG,21,"Assurance, accounting, tax, resourcing, consulting, corporate services and asset management from athGADLANG, across the UAE, KSA, Bahrain, the UK and Pakistan.",159,"Every practice area, one accountable team.",https://bh.athgadlang.com/services,https://images.unsplash.com/photo-1560264280-88b68371db39?auto=format&fit=crop&q=80&w=2400,title short (21),"Assurance, Accounting, Tax & Advisory Services | athGADLANG",
Bahrain,https://bh.athgadlang.com/insights,insights,Insights | athGADLANG,21,"Regulatory updates, technical guidance and expert analysis on tax, audit, compliance and company formation across the UAE, KSA, Bahrain, the UK and Pakistan.",157,Perspectives that keep you ahead of the regulation.,https://bh.athgadlang.com/insights,https://images.unsplash.com/photo-1504711434969-e33886168f5c?auto=format&fit=crop&q=80&w=2400,title short (21),Regulatory Updates & Expert Analysis | athGADLANG,
Bahrain,https://bh.athgadlang.com/webinars,webinars,Webinars | athGADLANG,21,"On-demand sessions on tax, audit, compliance and business setup, hosted by the athGADLANG specialists who advise on them day to day.",132,Sit in on the sessions our clients ask for.,https://bh.athgadlang.com/webinars,https://images.unsplash.com/photo-1531058020387-3be344556be6?auto=format&fit=crop&q=80&w=2400,title short (21),Bahrain Webinars on Tax & Compliance | athGADLANG,
Bahrain,https://bh.athgadlang.com/events,events,Events | athGADLANG,19,"Live webinars and in-person seminars on tax, audit, compliance and business setup across the UAE, KSA, Bahrain, the UK and Pakistan — hosted by the athGADLANG specialists who advise on them day to day.",201,Come and ask the questions in person.,https://bh.athgadlang.com/events,https://images.unsplash.com/photo-1540575467063-178a50c2df87?auto=format&fit=crop&q=80&w=2400,title short (19); description too long (201),"Tax, Audit & Compliance Events | athGADLANG","Live webinars and seminars on tax, audit, compliance and business setup — hosted by the specialists who advise on them day to day."
Bahrain,https://bh.athgadlang.com/company-profile,company-profile,About Us | athGADLANG,21,"athGADLANG helps businesses navigate complexity with confidence — tax strategy, consulting, assurance and accounting across the UAE, KSA, Bahrain, the UK and Pakistan.",167,A partner for the decisions that carry weight.,https://bh.athgadlang.com,(none),title short (21); description too long (167); no social share image,"About athGADLANG | Tax, Audit & Advisory","athGADLANG helps businesses navigate complexity — tax strategy, consulting, assurance and accounting across the UAE, KSA, Bahrain, the UK and Pakistan."
Bahrain,https://bh.athgadlang.com/privacy-policy,privacy-policy,Privacy Policy | athGADLANG,27,"What personal information athGADLANG collects through this website, how it is used, and the choices available to you.",117,Privacy Policy,https://bh.athgadlang.com/privacy-policy,(none),title short (27); no social share image,Privacy Policy | athGADLANG Professional Services,
Bahrain,https://bh.athgadlang.com/terms-of-use,terms-of-use,Terms Of Use | athGADLANG,25,"The terms on which athGADLANG makes this website available, including permitted use, intellectual property and limitation of liability.",135,Terms Of Use,https://bh.athgadlang.com/terms-of-use,(none),title short (25); no social share image,Terms of Use | athGADLANG Professional Services,
Bahrain,https://bh.athgadlang.com/legal-information,legal-information,Legal Information | athGADLANG,30,"Important legal information about your use of the athGADLANG website, including warranties, liability and intellectual property.",128,Legal Information,https://bh.athgadlang.com/legal-information,(none),no social share image,,
Bahrain,https://bh.athgadlang.com/services/assurance,Service,Assurance | athGADLANG,22,"At athGADLANG, we offer strategic assurance solutions that go beyond traditional audits to provide actionable insights, strengthen controls, and mitigate risks in a complex business landscape. Our services deliver confidence in your financials, operations, and compliance, positioning you for sustainable growth and resilience.",327,Assurance,https://bh.athgadlang.com,(none),title short (22); description too long (327); no social share image,Assurance & Audit Services in Bahrain | athGADLANG,athGADLANG's assurance services go beyond audits — strengthening controls and managing risks in your financials and operations in Bahrain.
Bahrain,https://bh.athgadlang.com/services/accounting,Service,Accounting | athGADLANG,23,We understand that accounting is an area that no business can compromise on. Our team of accounting experts ensures that your stakeholders can use the most accurate and up-to-date records for day-to-day operations and decision-making purposes.,243,Accounting,https://bh.athgadlang.com,(none),title short (23); description too long (243); no social share image,Accounting Services in Bahrain | athGADLANG,"athGADLANG's accounting experts deliver accurate, up-to-date records, so your team can make decisions with confidence, every single day."
Bahrain,https://bh.athgadlang.com/services/tax,Service,Tax | athGADLANG,16,"At athGADLANG, we provide specialized tax services tailored to the UAE's evolving landscape, including the new Corporate Tax regime, ensuring compliance, optimization, and strategic tax planning for businesses operating in this dynamic hub. Our expert-driven solutions help you navigate federal and emirate-specific requirements with precision and foresight.",358,Tax,https://bh.athgadlang.com,(none),title short (16); description too long (358); no social share image,Tax Services in Bahrain | athGADLANG,"athGADLANG's tax services cover the Bahrain's Corporate Tax regime - compliance, optimization and strategic planning, federal to emirate-specific."
Bahrain,https://bh.athgadlang.com/services/resourcing,Service,Resourcing | athGADLANG,23,"At athGADLANG, we provide flexible, expert-driven resourcing solutions that help businesses adapt, scale, and perform in a dynamic environment. Our services are designed to ensure you have the right talent, capabilities, and support, exactly when you need them.",261,Resourcing,https://bh.athgadlang.com,(none),title short (23); description too long (261); no social share image,Resourcing & Talent Solutions in Bahrain | athGADLANG,"athGADLANG delivers flexible resourcing solutions that help businesses adapt and scale — the right talent and support, exactly when you need it."
Bahrain,https://bh.athgadlang.com/services/business-process-outsourcing,Service,Business Process Outsourcing (BPO) | athGADLANG,47,"Optimize your operations, reduce costs, and enhance efficiency with our Business Process Outsourcing (BPO) solutions. At aG Resources, we provide industry-specific outsourcing services, allowing businesses to delegate non-core functions while maintaining control and quality. Whether you need financial experts, customer support teams, or back-office specialists, our tailored BPO solutions help you scale faster and operate smarter.",433,Business Process Outsourcing (BPO),https://bh.athgadlang.com,(none),description too long (433); no social share image,,"aG Resources' BPO solutions help you delegate non-core functions — financial, customer support and back-office, while you scale faster and operate smarter."
Bahrain,https://bh.athgadlang.com/services/talent-acquisition,Service,Talent Acquisition | athGADLANG,31,"Finding the right talent is more than just filling positions — it's about securing professionals who drive success. At aG Resources, we act as your dedicated offsite recruitment partner, connecting you with top-tier candidates across industries. Whether you need junior staff or C-suite executives, our strategic hiring solutions ensure you find the perfect fit for your organization.",384,Talent Acquisition,https://bh.athgadlang.com,(none),description too long (384); no social share image,,"aG Resources' strategic hiring solutions connect you with top-tier talent across industries — from junior staff to C-suite, wherever you're growing."
Bahrain,https://bh.athgadlang.com/services/remote-workforce-solutions,Service,Remote Workforce Solutions | athGADLANG,39,"Access top talent without overhead. At aG Resources, we provide dedicated remote professionals under a secondment model, ensuring you get the expertise you need while we manage payroll, administration, and infrastructure. Whether you require short-term specialists or long-term dedicated resources, our remote workforce solutions help you scale efficiently without compromising on quality.",389,Remote Workforce Solutions,https://bh.athgadlang.com,(none),description too long (389); no social share image,,"aG Resources provides dedicated remote professionals under a secondment model — we manage payroll and infrastructure, you get the expertise."
Bahrain,https://bh.athgadlang.com/services/consulting,Service,Consulting | athGADLANG,23,"At athGADLANG, we help businesses navigate complexity, unlock opportunities, and achieve sustainable growth. Our consulting services combine deep industry expertise with practical insights to support better decision-making across all areas of your organization.",261,Consulting,https://bh.athgadlang.com,(none),title short (23); description too long (261); no social share image,Consulting Services in Bahrain | athGADLANG,"athGADLANG's consulting services combine deep industry expertise with practical insights, driving sustainable growth for your business."
Bahrain,https://bh.athgadlang.com/services/corporate-services,Service,Corporate Services | athGADLANG,31,"At aG Corporate Services, we simplify the entire UAE company formation process – from selecting the right jurisdiction to getting your trade license, visas, and bank account ready.",180,Corporate Services,https://bh.athgadlang.com,(none),description too long (180); no social share image,,"aG Corporate Services simplifies Bahrain company formation — from choosing the right jurisdiction to trade licenses, visas and bank accounts."
Bahrain,https://bh.athgadlang.com/services/fixed-asset-inventory-management,Service,Fixed Asset & Inventory Management | athGADLANG,47,"At athGADLANG, we deliver expert-led fixed assets and inventory management solutions that empower businesses to maintain accuracy, compliance, and efficiency in their asset lifecycle. Our services ensure precise tracking, valuation, and optimization of fixed assets and inventory, minimizing risks and supporting informed decision-making in dynamic environments.",362,Fixed Asset & Inventory Management,https://bh.athgadlang.com,(none),description too long (362); no social share image,,"athGADLANG's fixed asset and inventory management solutions ensure accurate tracking, valuation and compliance, minimizing risk in dynamic environments."
Bahrain,https://bh.athgadlang.com/about/leadership/arshad-gadit,About,Arshad Gadit — Partner & Global CEO | athGADLANG,48,"Arshad is our Global CEO, Head of Public Relations & Partner. He has over 2 decades of firm experience in Europe, South East Asia and Middle East. Prior to joining athGADLANG, Arshad has led the audit practice at BDO Bahrain as an Assurance and Business Advisory Partner.",271,Arshad Gadit,https://bh.athgadlang.com,(none),description too long (271); no social share image,,"Arshad Gadit, athGADLANG's Global CEO, brings two decades of audit and advisory experience, including leading BDO Bahrain's audit practice."
Bahrain,https://bh.athgadlang.com/about/leadership/usman-alam,About,Usman Alam — Partner — Assurance & Compliance | athGADLANG,58,"Usman is a seasoned professional who has spent over 17 years serving clients across various industries with Assurance, Financial Planning, Business Advisory, Financial Reporting, and Compliance services. He has worked with some of the top firms in the industry, including PWC and KPMG, and is a Fellow Chartered Accountant from the Institute of Chartered Accountants of England and Wales (ICAEW).",396,Usman Alam,https://bh.athgadlang.com,(none),description too long (396); no social share image,,"Usman Alam is a Partner at athGADLANG with 17+ years in Assurance and Compliance, including roles at PwC and KPMG. Fellow Chartered Accountant, ICAEW."
Bahrain,https://bh.athgadlang.com/about/leadership/yasir-gadit,About,Yasir Gadit — Partner — Consulting | athGADLANG,47,"Yasir is our leader for the Consulting division. He is a Fellow Chartered Accountant from the Institute of Chartered Accountants of Pakistan (ICAP). With more than 19 years of experience, Yasir is passionate adding value to our clients, and is a huge cricket enthusiast.",270,Yasir Gadit,https://bh.athgadlang.com,(none),description too long (270); no social share image,,Yasir Gadit leads athGADLANG's Consulting division. A Fellow Chartered Accountant (ICAP) with 19+ years of experience adding value for clients.
Bahrain,https://bh.athgadlang.com/about/leadership/abdullah-taimoor,About,Abdullah Taimoor — Partner — Fixed Asset & Inventory Management | athGADLANG,76,"Abdullah Taimoor is a distinguished finance professional with over 18 years of experience, including a tenure as an external auditor at PwC, where he audited leading banks, funds, and insurance companies. He holds an MBA in Finance and is a certified ACCA, bringing deep expertise in auditing, financial reporting, and operational risk management.",347,Abdullah Taimoor,https://bh.athgadlang.com,(none),title too long (76); description too long (347); no social share image,"Abdullah Taimoor — Partner, FAIM | athGADLANG","18+ years in finance and auditing, including PwC. Abdullah Taimoor is athGADLANG's Partner for Fixed Asset & Inventory Management, MBA, ACCA."
Bahrain,https://bh.athgadlang.com/about/leadership/arslan-mushtaq,About,Arslan Mushtaq — Partner — Tax | athGADLANG,43,"Arslan leads the team at our Tax division. His experience spans over 19 years of post qualification tenure in VAT, Audit Assurance and Internal Audit working at PwC, KPMG and FRHI in the UK and UAE.",198,Arslan Mushtaq,https://bh.athgadlang.com,(none),description too long (198); no social share image,,"Arslan Mushtaq leads athGADLANG's Tax division — 19+ years in VAT, Audit and Internal Audit at PwC, KPMG and FRHI, across the UK and UAE."
Bahrain,https://bh.athgadlang.com/about/leadership/abdul-aziz-lang,About,Abdul Aziz Lang — Partner — Strategy | athGADLANG,49,"Abdul Aziz Lang is one of the most senior partners of the firm, with more than three decades of experience in Consulting, Corporate Finance, and Strategy. Abdul Aziz is a fellow member of the Institute of Chartered Accountants of Pakistan, Institute of Cost and Management Accountants, Institute of Corporate Secretaries, and a Certified Strategic Management Master.",366,Abdul Aziz Lang,https://bh.athgadlang.com,(none),description too long (366); no social share image,,"Abdul Aziz Lang is one of athGADLANG's most senior partners — 30+ years in Consulting, Corporate Finance and Strategy, and a Fellow Chartered Accountant."
Bahrain,https://bh.athgadlang.com/about/leadership/saqib-nisar,About,Saqib Nisar — Managing Partner | athGADLANG,43,"Saqib Nisar has over 25 years of experience in the field of investigations, contract reviews, financial crime, AML and sanctions assessments, audit, accounting, forensics, and related services. He has worked in a range of industries, including construction, logistics, trading and contracting services, and oil & gas sectors.",325,Saqib Nisar,https://bh.athgadlang.com,(none),description too long (325); no social share image,,"Saqib Nisar, athGADLANG's Managing Partner, brings 25+ years in financial crime, AML, sanctions and forensic investigations."
Bahrain,https://bh.athgadlang.com/about/leadership/haziq-neshat-akhtar,About,"Haziq Neshat Akhtar — Partner — Risk, Financial Crimes & Transaction Advisory | athGADLANG",90,"Haziq Neshat Akhtar leads the Advisory division at athGADLANG & WATHIQ. With over 16 years of experience, he specializes in risk management, forensic audits, corporate advisory, and financial consulting.",203,Haziq Neshat Akhtar,https://bh.athgadlang.com,(none),title too long (90); description too long (203); no social share image,"Haziq N. Akhtar — Partner, Risk Advisory | athGADLANG","Haziq Neshat Akhtar leads athGADLANG & Wathiq's Advisory division, specializing in risk management, forensic audits and corporate advisory."
Bahrain,https://bh.athgadlang.com/about/leadership/osman-babar,About,Osman Babar — Partner — BPO Services | athGADLANG,49,"Osman is our Partner of Business Process Outsourcing (BPO) Services and a fellow member of the Institute of Chartered Accountants of Pakistan. He is a determined, highly motivated, and skilled professional with more than 22 years of experience.",244,Osman Babar,https://bh.athgadlang.com,(none),description too long (244); no social share image,,"Osman Babar is athGADLANG's Partner for BPO Services, a Fellow of the Institute of Chartered Accountants of Pakistan, with 22+ years of experience."
Bahrain,https://bh.athgadlang.com/about/leadership/sikandar-gadit,About,Sikandar Gadit — Partner & Chief Operating Officer | athGADLANG,63,"Sikander Abdul Rehman Gadit is the COO at athGADLANG & WATHIQ, with over 25 years of international experience across the UAE, KSA, Bahrain, and Pakistan. He specializes in business operations, growth strategy, and market expansion, helping organizations build scalable and efficient operating models.",300,Sikandar Gadit,https://bh.athgadlang.com,(none),title too long (63); description too long (300); no social share image,"Sikandar Gadit, Partner & COO | athGADLANG","Sikandar Gadit, athGADLANG & Wathiq's COO, brings 25+ years across the UAE, KSA, Bahrain and Pakistan in operations and growth strategy."
Bahrain,https://bh.athgadlang.com/about/leadership/khushboo-mushtaq,About,Khushboo Mushtaq — Director — Financial Accounting & Advisory Services (FAAS) | athGADLANG,90,A Chartered Accountant from Institute of Chartered Accountants of Pakistan. Khushboo's experience spans across a spectrum of verticals in more than one country and has a strong grip on IFRS.,190,Khushboo Mushtaq,https://bh.athgadlang.com,(none),title too long (90); description too long (190); no social share image,"Khushboo Mushtaq — Director, FAAS | athGADLANG","Khushboo Mushtaq, athGADLANG's FAAS Director, is a Chartered Accountant (ICAP) with strong IFRS expertise across multiple countries."
Bahrain,https://bh.athgadlang.com/insights/bahrain-littering,Insight article,Bahrain Littering | athGADLANG,30,"Bahrain Collected Over BHD 100,000 in Cleanliness Fines. But Is It Really About the Money?",90,Bahrain Littering,https://bh.athgadlang.com/insights/bahrain-littering,https://images.unsplash.com/photo-1460925895917-afdab827c52f?auto=format&fit=crop&q=80&w=1400,OK,,
Bahrain,https://bh.athgadlang.com/insights/building-a-culture-of-innovation-in-bahrain,Insight article,Building a Culture of Innovation in Bahrain | athGADLANG,56,"Do you think innovation starts with technology, or with people?",63,Building a Culture of Innovation in Bahrain,https://bh.athgadlang.com/insights/building-a-culture-of-innovation-in-bahrain,https://images.unsplash.com/photo-1507679799987-c73779587ccf?auto=format&fit=crop&q=80&w=1400,description short (63),,Does innovation start with technology or with people? Bahrain's businesses are answering that question by building cultures where ideas can grow.
Bahrain,https://bh.athgadlang.com/insights/do-strict-financial-penalties-reduce-corporate-crime-in-bahrain,Insight article,Do Strict Financial Penalties Reduce Corporate Crime in Bahrain | athGADLANG,76,"Corporate crime can damage businesses, investors, and the economy. Bahrain has created strict financial laws to protect its financial sector and build trust among investors. One important…",188,Do Strict Financial Penalties Reduce Corporate Crime in Bahrain,https://bh.athgadlang.com/insights/do-strict-financial-penalties-reduce-corporate-crime-in-bahrain,https://images.unsplash.com/photo-1450101499163-c8848c66ca85?auto=format&fit=crop&q=80&w=1400,title too long (76); description too long (188),Do Penalties Curb Corporate Crime in Bahrain? | athGADLANG,"Corporate crime can damage businesses, investors and the economy. Bahrain has built strict financial laws to protect its sector and investor trust."
Bahrain,https://bh.athgadlang.com/insights/it-s-only-ten-minutes-away-bahrain-s-most-accurate-inaccurate-measurement,Insight article,It's Only Ten Minutes Away: Bahrain's Most Accurate Inaccurate Measurement | athGADLANG,87,"Some places are remembered for their landmarks. Others for their traditions. Bahrain, however, may well be remembered for a phrase that has quietly become part of everyday life. It is…",184,It's Only Ten Minutes Away: Bahrain's Most Accurate Inaccurate Measurement,https://bh.athgadlang.com/insights/it-s-only-ten-minutes-away-bahrain-s-most-accurate-inaccurate-measurement,https://images.unsplash.com/photo-1554774853-aae0a22c8aa4?auto=format&fit=crop&q=80&w=1400,title too long (87); description too long (184),Bahrain's Favorite Inaccurate Measurement | athGADLANG,"Some places are remembered for landmarks, others for traditions. Bahrain may be remembered for a phrase that's quietly become part of daily life."
Bahrain,https://bh.athgadlang.com/insights/appfolio-automates-property-management-yet-cannot-do-your-bookkeeping,Insight article,AppFolio Automates Property Management Yet Cannot Do Your Bookkeeping | athGADLANG,82,"If your property management firm uses AppFolio, you are already ahead of many businesses.",89,AppFolio Automates Property Management Yet Cannot Do Your Bookkeeping,https://bh.athgadlang.com/insights/appfolio-automates-property-management-yet-cannot-do-your-bookkeeping,https://images.unsplash.com/photo-1554774853-aae0a22c8aa4?auto=format&fit=crop&q=80&w=1400,title too long (82),AppFolio Automates PM — Not Bookkeeping | athGADLANG,
Bahrain,https://bh.athgadlang.com/insights/yardi-is-not-replacing-your-property-management-accountant,Insight article,Yardi Is Not Replacing Your Property Management Accountant | athGADLANG,71,"If your property management firm uses Yardi, you already know how powerful the platform can be.",95,Yardi Is Not Replacing Your Property Management Accountant,https://bh.athgadlang.com/insights/yardi-is-not-replacing-your-property-management-accountant,https://images.unsplash.com/photo-1450101499163-c8848c66ca85?auto=format&fit=crop&q=80&w=1400,title too long (71),Yardi Isn't Replacing Your PM Accountant | athGADLANG,
Bahrain,https://bh.athgadlang.com/insights/how-to-dive-for-a-pearl,Insight article,How to Dive for a Pearl ? | athGADLANG,38,"For four thousand years, long before oil and long before fibre, Bahrain made its living by sending people to the bottom of the sea. A diver took one breath, sank on a stone, and felt along…",189,How to Dive for a Pearl ?,https://bh.athgadlang.com/insights/how-to-dive-for-a-pearl,https://images.unsplash.com/photo-1551288049-bebda4e38f71?auto=format&fit=crop&q=80&w=1400,description too long (189),,"For four thousand years, before oil and before fibre, Bahrain made its living at the bottom of the sea. This is the story of the pearl divers."
Bahrain,https://bh.athgadlang.com/insights/the-pearl-divers-who-feared-sea-spirits,Insight article,The Pearl Divers Who Feared Sea Spirits | athGADLANG,52,"Long before Bahrain became famous for skyscrapers and Formula 1, its people chased treasure beneath the sea. Pearl divers risked their lives searching for oysters, but many feared something…",190,The Pearl Divers Who Feared Sea Spirits,https://bh.athgadlang.com/insights/the-pearl-divers-who-feared-sea-spirits,https://images.unsplash.com/photo-1454165804606-c3d57bc86b40?auto=format&fit=crop&q=80&w=1400,description too long (190),,"Long before Bahrain was known for skyscrapers and Formula 1, its people chased treasure beneath the sea, and feared what lurked there too."
Bahrain,https://bh.athgadlang.com/insights/watching-movies-together,Insight article,Watching movies together | athGADLANG,37,Never Say No to Movie Night with Office: See Your Coworkers in a Cinema,71,Watching movies together,https://bh.athgadlang.com/insights/watching-movies-together,https://images.unsplash.com/photo-1554224155-6726b3ff858f?auto=format&fit=crop&q=80&w=1400,OK,,
Bahrain,https://bh.athgadlang.com/insights/you-skipped-movie-night-the-office-took-it-personally,Insight article,You Skipped Movie Night-The Office Took It Personally | athGADLANG,66,"There are certain crimes in life that the law has simply never bothered to define, and skipping a group plan in Bahrain is surely near the top of that list. On this small island, where…",185,You Skipped Movie Night-The Office Took It Personally,https://bh.athgadlang.com/insights/you-skipped-movie-night-the-office-took-it-personally,https://images.unsplash.com/photo-1512453979798-5ea266f8880c?auto=format&fit=crop&q=80&w=1400,title too long (66); description too long (185),You Skipped Movie Night. The Office Noticed | athGADLANG,"Some crimes the law never bothered to define, and skipping a group plan in Bahrain is near the top of that list. On this small island, everyone knows."
Bahrain,https://bh.athgadlang.com/insights/software-is-not-fixing-your-accounting-problems,Insight article,Software Is Not Fixing Your Accounting Problems | athGADLANG,60,"Many property management firms believe the answer to accounting challenges is a better software platform. So, they upgrade. They move to AppFolio, Yardi, Buildium, Rent Manager, or another…",189,Software Is Not Fixing Your Accounting Problems,https://bh.athgadlang.com/insights/software-is-not-fixing-your-accounting-problems,https://images.unsplash.com/photo-1460925895917-afdab827c52f?auto=format&fit=crop&q=80&w=1400,description too long (189),,"Many property management firms think better software fixes accounting problems. They upgrade to AppFolio, Yardi or Buildium, and the problems stay."
Bahrain,https://bh.athgadlang.com/insights/firms-lose-clients-over-accounting,Insight article,Firms Lose Clients Over Accounting | athGADLANG,47,"Most property management firms believe they lose clients because of maintenance issues, tenant complaints, or operational mistakes.",131,Firms Lose Clients Over Accounting,https://bh.athgadlang.com/insights/firms-lose-clients-over-accounting,https://images.unsplash.com/photo-1507679799987-c73779587ccf?auto=format&fit=crop&q=80&w=1400,OK,,
Bahrain,https://bh.athgadlang.com/insights/your-next-property-management-hire-might-not-need-to-be-a-hire-at-all,Insight article,Your Next Property Management Hire Might Not Need to Be a Hire at All | athGADLANG,82,"If you run a property management firm in North America, chances are you have faced this situation. Your portfolio grows. Reporting takes longer. Owner statements start piling up. Month-end…",189,Your Next Property Management Hire Might Not Need to Be a Hire at All,https://bh.athgadlang.com/insights/your-next-property-management-hire-might-not-need-to-be-a-hire-at-all,https://images.unsplash.com/photo-1543286386-713bdd548da4?auto=format&fit=crop&q=80&w=1400,title too long (82); description too long (189),Your Next PM Hire Might Not Be a Hire | athGADLANG,"If you run a property management firm in North America, you've likely faced this: portfolio growth, slower reporting, harder month-ends."
Bahrain,https://bh.athgadlang.com/insights/the-property-management-firms-winning-in-north-america-are-not-building-bigger-a,Insight article,The Property Management Firms Winning in North America Are Not Building Bigger Accounting Teams | athGADLANG,108,"Across North America, property management firms are growing aggressively. More units are being added. More owners are being onboarded. More properties are entering portfolios every month.",187,The Property Management Firms Winning in North America Are Not Building Bigger Accounting Teams,https://bh.athgadlang.com/insights/the-property-management-firms-winning-in-north-america-are-not-building-bigger-a,https://images.unsplash.com/photo-1552581234-26160f608093?auto=format&fit=crop&q=80&w=1400,title too long (108); description too long (187),Why Top PM Firms Skip Bigger Accounting Teams | athGADLANG,"Across North America, property management firms are growing fast — more units, more owners, more properties. But headcount isn't the growth strategy."
Bahrain,https://bh.athgadlang.com/insights/of-course-bahrain-hosted-michael-jackson,Insight article,Of Course Bahrain Hosted Michael Jackson | athGADLANG,53,"The year is 2005. The world's most famous person has just decided he would like to live in Bahrain, an island in the Arabian Gulf roughly the size of a city park if you've been to Dubai and…",190,Of Course Bahrain Hosted Michael Jackson,https://bh.athgadlang.com/insights/of-course-bahrain-hosted-michael-jackson,https://images.unsplash.com/photo-1552581234-26160f608093?auto=format&fit=crop&q=80&w=1400,description too long (190),,"The year is 2005. The world's most famous person has just decided to live in Bahrain, an island roughly the size of a city park compared to Dubai."
Bahrain,https://bh.athgadlang.com/insights/property-management-firms-in-north-america-are-rapidly-outsourcing-accounting-an,Insight article,Property Management Firms in North America Are Rapidly Outsourcing Accounting and Bookkeeping | athGADLANG,106,"If you run a property management firm in North America, you have probably noticed something. Accounting and bookkeeping are taking up more time than they used to.",162,Property Management Firms in North America Are Rapidly Outsourcing Accounting and Bookkeeping,https://bh.athgadlang.com/insights/property-management-firms-in-north-america-are-rapidly-outsourcing-accounting-an,https://images.unsplash.com/photo-1521791136064-7986c2920216?auto=format&fit=crop&q=80&w=1400,title too long (106); description too long (162),PM Firms Are Rapidly Outsourcing Accounting | athGADLANG,"If you run a property management firm in North America, you've probably noticed something. Accounting and bookkeeping take up more time than they used to."
Bahrain,https://bh.athgadlang.com/insights/bahrain-is-basically-one-big-group-chat,Insight article,Bahrain is Basically One Big Group Chat | athGADLANG,52,"Every country has its own personality. Some are fast-paced and distant, while others feel structured and formal. Bahrain, however, operates a little differently. Despite being modern…",183,Bahrain is Basically One Big Group Chat,https://bh.athgadlang.com/insights/bahrain-is-basically-one-big-group-chat,https://images.unsplash.com/photo-1521791136064-7986c2920216?auto=format&fit=crop&q=80&w=1400,description too long (183),,"Every country has its own personality, fast-paced and distant or structured and formal. Bahrain operates a little differently, modern yet deeply personal."
Bahrain,https://bh.athgadlang.com/insights/the-island-of-two-bahrains,Insight article,The Island of Two Bahrains | athGADLANG,39,"Bahrain is a small island, but sometimes it feels like four different countries packed into one. On one side, there are luxury towers, private beaches, sports cars, and fancy cafés where…",187,The Island of Two Bahrains,https://bh.athgadlang.com/insights/the-island-of-two-bahrains,https://images.unsplash.com/photo-1551288049-bebda4e38f71?auto=format&fit=crop&q=80&w=1400,description too long (187),,"Bahrain is a small island that sometimes feels like two different worlds in one, from luxury towers and private beaches to everyday life."
Bahrain,https://bh.athgadlang.com/insights/ai-cannot-do-this-and-that,Insight article,AI cannot do this and that | athGADLANG,39,"Things AI Still Cannot Do in the Office; AI adapts, but fails more",66,AI cannot do this and that,https://bh.athgadlang.com/insights/ai-cannot-do-this-and-that,https://images.unsplash.com/photo-1512453979798-5ea266f8880c?auto=format&fit=crop&q=80&w=1400,description short (66),,"AI has come a long way, but there's still a long list of things it can't do in the office, from reading a room to knowing when to stay quiet."
Bahrain,https://bh.athgadlang.com/insights/what-top-property-management-firms-in-north-america-do-differently-with-their-ac,Insight article,What Top Property Management Firms in North America Do Differently With Their Accounting | athGADLANG,101,"If you look closely at the fastest-growing property management firms in North America, you will notice something interesting. They are not just better at managing properties. They are…",184,What Top Property Management Firms in North America Do Differently With Their Accounting,https://bh.athgadlang.com/insights/what-top-property-management-firms-in-north-america-do-differently-with-their-ac,https://images.unsplash.com/photo-1551288049-bebda4e38f71?auto=format&fit=crop&q=80&w=1400,title too long (101); description too long (184),What Top Property Management Firms Do | athGADLANG,"Look closely at the fastest-growing property management firms in North America, and you'll notice something. They handle accounting differently."
Bahrain,https://bh.athgadlang.com/insights/the-office-ac-is-either-antarctica-or-a-human-rights-violation,Insight article,The Office AC Is Either Antarctica or a Human Rights Violation | athGADLANG,75,"Every workplace has that one ongoing battle nobody officially discusses, but everyone experiences daily: the office temperature war.",132,The Office AC Is Either Antarctica or a Human Rights Violation,https://bh.athgadlang.com/insights/the-office-ac-is-either-antarctica-or-a-human-rights-violation,https://images.unsplash.com/photo-1554224155-6726b3ff858f?auto=format&fit=crop&q=80&w=1400,title too long (75),The Office AC War: Antarctica or Violation | athGADLANG,
Bahrain,https://bh.athgadlang.com/insights/the-hidden-cost-of-in,Insight article,The Hidden Cost of In | athGADLANG,34,"If you run a property management firm in North America, you probably believe that keeping accounting in-house gives you control. It feels safer. It feels familiar. And for many firms, it…",187,The Hidden Cost of In,https://bh.athgadlang.com/insights/the-hidden-cost-of-in,https://images.unsplash.com/photo-1512453979798-5ea266f8880c?auto=format&fit=crop&q=80&w=1400,description too long (187),,"If you run a property management firm in North America, keeping accounting in-house feels safer and more familiar. But it isn't always cheaper."
Bahrain,https://bh.athgadlang.com/insights/red-flags-your-property-management-accounting-needs-outsourcing-in-north-america,Insight article,Red Flags Your Property Management Accounting Needs Outsourcing in North America | athGADLANG,93,"If you are running a property management firm in North America, you already know this. Managing properties is only half the job. The real pressure often sits behind the scenes in your…",184,Red Flags Your Property Management Accounting Needs Outsourcing in North America,https://bh.athgadlang.com/insights/red-flags-your-property-management-accounting-needs-outsourcing-in-north-america,https://images.unsplash.com/photo-1554224155-6726b3ff858f?auto=format&fit=crop&q=80&w=1400,title too long (93); description too long (184),Red Flags in Property Management Accounting | athGADLANG,Running a property management firm in North America means managing properties is only half the job. These are the signs it's time to outsource accounting.
Bahrain,https://bh.athgadlang.com/insights/property-management-outsourcing-is-reshaping-real-estate-in-north-america,Insight article,Property Management Outsourcing Is Reshaping Real Estate in North America | athGADLANG,86,"If you are managing properties in North America, you have likely felt it already. Costs are rising, tenant expectations are increasing, and operational complexity is becoming harder to…",185,Property Management Outsourcing Is Reshaping Real Estate in North America,https://bh.athgadlang.com/insights/property-management-outsourcing-is-reshaping-real-estate-in-north-america,https://images.unsplash.com/photo-1454165804606-c3d57bc86b40?auto=format&fit=crop&q=80&w=1400,title too long (86); description too long (185),Property Management Outsourcing Is Growing | athGADLANG,"If you manage properties in North America, you've likely felt it: rising costs, growing expectations, operations getting harder to run alone."
Bahrain,https://bh.athgadlang.com/insights/dragons-lived-in-bahrain,Insight article,Dragons lived in Bahrain | athGADLANG,37,"Dragons are real, and Bahraini: Strange Remains Found by Excavators",67,Dragons lived in Bahrain,https://bh.athgadlang.com/insights/dragons-lived-in-bahrain,https://images.unsplash.com/photo-1460925895917-afdab827c52f?auto=format&fit=crop&q=80&w=1400,description short (67),,"Excavators in Bahrain have uncovered strange remains that some are calling evidence of dragons, or at least the myths that inspired them."
Bahrain,https://bh.athgadlang.com/insights/formula-one-cars-in-bahrain,Insight article,Formula One cars in Bahrain | athGADLANG,40,"For Bahrain, Formula One is a statement. When the first Grand Prix was held on 4 April 2004, it was a signal. A small island kingdom of fewer than two million people was announcing itself…",188,Formula One cars in Bahrain,https://bh.athgadlang.com/insights/formula-one-cars-in-bahrain,https://images.unsplash.com/photo-1507679799987-c73779587ccf?auto=format&fit=crop&q=80&w=1400,description too long (188),,"For Bahrain, Formula One is a statement. When the first Grand Prix arrived on 4 April 2004, a small island kingdom announced itself to the world."
Bahrain,https://bh.athgadlang.com/insights/if-bahrain-were-a-person,Insight article,If Bahrain Were a Person | athGADLANG,37,"If nations could be described as individuals, each would carry a distinct personality shaped by history, ambition, and lived experience. Bahrain, a small island nation in the Arabian Gulf…",188,If Bahrain Were a Person,https://bh.athgadlang.com/insights/if-bahrain-were-a-person,https://images.unsplash.com/photo-1543286386-713bdd548da4?auto=format&fit=crop&q=80&w=1400,description too long (188),,"If nations were people, each would carry a personality shaped by history and ambition. Meet Bahrain, a small island with an outsized character."
Bahrain,https://bh.athgadlang.com/insights/article-bahrain-basma,Insight article,Article-Bahrain-Basma | athGADLANG,34,"Bahrain is more than a destination. It is an experience shaped by heritage, culture, adventure, and emotion.",108,Article-Bahrain-Basma,https://bh.athgadlang.com/insights/article-bahrain-basma,https://images.unsplash.com/photo-1552581234-26160f608093?auto=format&fit=crop&q=80&w=1400,OK,,
Bahrain,https://bh.athgadlang.com/insights/the-good-girl-problem-in-high-achieving-women-of-bahrain,Insight article,The ‘Good Girl’ Problem in High-Achieving Women of Bahrain | athGADLANG,71,"Bahrain is often positioned as one of the more progressive environments for women in the Gulf. Women are educated, visible in the workforce, and increasingly present in leadership…",180,The ‘Good Girl’ Problem in High-Achieving Women of Bahrain,https://bh.athgadlang.com/insights/the-good-girl-problem-in-high-achieving-women-of-bahrain,https://images.unsplash.com/photo-1521791136064-7986c2920216?auto=format&fit=crop&q=80&w=1400,title too long (71); description too long (180),The 'Good Girl' Problem in Bahrain | athGADLANG,"Bahrain is often seen as one of the Gulf's more progressive places for women, educated, visible in the workforce, and rising into leadership."
Bahrain,https://bh.athgadlang.com/insights/why-you-should-be-watching-your-money-in-bahrain-banks,Insight article,Why You Should Be Watching Your Money in Bahrain Banks | athGADLANG,67,"You probably think your bank in Bahrain is safe, predictable, and just keeping your money secure. But the truth is, some banks are quietly profiting in ways most customers don’t notice.",185,Why You Should Be Watching Your Money in Bahrain Banks,https://bh.athgadlang.com/insights/why-you-should-be-watching-your-money-in-bahrain-banks,https://images.unsplash.com/photo-1450101499163-c8848c66ca85?auto=format&fit=crop&q=80&w=1400,title too long (67); description too long (185),Watch Your Money at Bahrain Banks | athGADLANG,"You probably assume your Bahrain bank is safe and just keeping your money secure. The truth: some banks profit quietly, in ways you'd never notice."
Bahrain,https://bh.athgadlang.com/insights/employees-secretly-using-ai-across-the-gcc,Insight article,Employees Secretly Using AI Across the GCC | athGADLANG,55,Artificial intelligence is officially being adopted across the GCC. Governments are investing in it. Corporations are announcing AI strategies. Executives are discussing transformation…,185,Employees Secretly Using AI Across the GCC,https://bh.athgadlang.com/insights/employees-secretly-using-ai-across-the-gcc,https://images.unsplash.com/photo-1507679799987-c73779587ccf?auto=format&fit=crop&q=80&w=1400,description too long (185),,"Governments are investing in AI. Corporations are announcing strategies. But across the GCC, employees are already using it, quietly, on their own."
Bahrain,https://bh.athgadlang.com/insights/how-a-cat-s-purr-may-help-healing,Insight article,How a Cat’s Purr May Help Healing | athGADLANG,46,"When you begin to look more closely, the idea becomes even more charming. Cats may not simply be affectionate companions. In their own quiet way, they might also be gentle healers.",180,How a Cat’s Purr May Help Healing,https://bh.athgadlang.com/insights/how-a-cat-s-purr-may-help-healing,https://images.unsplash.com/photo-1454165804606-c3d57bc86b40?auto=format&fit=crop&q=80&w=1400,description too long (180),,"The idea becomes even more charming the closer you look: cats may not just be affectionate companions, but gentle healers too."
Bahrain,https://bh.athgadlang.com/insights/the-uae-has-too-much-sand-it-still-had-to-buy-more,Insight article,The UAE Has Too Much Sand. It Still Had to Buy More | athGADLANG,64,"The world is running out of sand. This is not a metaphor. Riverbeds are disappearing, coastlines are collapsing, and the material that holds modern civilization together is becoming…",182,The UAE Has Too Much Sand. It Still Had to Buy More,https://bh.athgadlang.com/insights/the-uae-has-too-much-sand-it-still-had-to-buy-more,https://images.unsplash.com/photo-1589829545856-d10d557cf95f?auto=format&fit=crop&q=80&w=1400,title too long (64); description too long (182),UAE Has Too Much Sand. It Still Bought More | athGADLANG,"The world is running out of sand. This isn't a metaphor: riverbeds are disappearing, and the material holding modern life together is vanishing."
Bahrain,https://bh.athgadlang.com/insights/bahraini-women-entrepreneurs-are-transforming-the-business-landscape,Insight article,Bahraini Women Entrepreneurs Are Transforming the Business Landscape | athGADLANG,81,"Bahraini women entrepreneurs are changing the business world in powerful ways. They are more confident, more innovative, and more focused on sustainability than ever before. This strong…",186,Bahraini Women Entrepreneurs Are Transforming the Business Landscape,https://bh.athgadlang.com/insights/bahraini-women-entrepreneurs-are-transforming-the-business-landscape,https://images.unsplash.com/photo-1526628953301-3e589a6a8b74?auto=format&fit=crop&q=80&w=1400,title too long (81); description too long (186),Bahraini Women Entrepreneurs Are Rising | athGADLANG,"Bahraini women entrepreneurs are reshaping the business world: more confident, more innovative, and more focused on sustainability than ever before."
Bahrain,https://bh.athgadlang.com/insights/are-animals-beginning-to-interact,Insight article,Are animals beginning to interact | athGADLANG,46,"From dogs using word buttons to dolphins responding to digital symbols, researchers are quietly exploring how animals engage with smart systems.",144,Are animals beginning to interact,https://bh.athgadlang.com/insights/are-animals-beginning-to-interact,https://images.unsplash.com/photo-1554774853-aae0a22c8aa4?auto=format&fit=crop&q=80&w=1400,OK,,
Bahrain,https://bh.athgadlang.com/insights/why-us-companies-are-freezing-hiring-while-productivity-is-rising,Insight article,Why US Companies Are Freezing Hiring While Productivity is Rising | athGADLANG,78,At first glance the US job market appears resilient. Headline employment numbers remain strong and corporate earnings continue to show stability. Yet beneath the surface many US companies…,188,Why US Companies Are Freezing Hiring While Productivity is Rising,https://bh.athgadlang.com/insights/why-us-companies-are-freezing-hiring-while-productivity-is-rising,https://images.unsplash.com/photo-1551288049-bebda4e38f71?auto=format&fit=crop&q=80&w=1400,title too long (78); description too long (188),US Hiring Freezes as Productivity Rises | athGADLANG,"At first glance, the US job market looks resilient: strong headline numbers, stable earnings. But beneath the surface, hiring has quietly stalled."
Bahrain,https://bh.athgadlang.com/insights/why-ai-is-quietly-reshaping-entry,Insight article,Why AI Is Quietly Reshaping Entry | athGADLANG,46,"Artificial intelligence is no longer a distant concept for businesses in the GCC. It is already transforming how work is done, particularly in entry-level and junior roles. Across the UAE…",188,Why AI Is Quietly Reshaping Entry,https://bh.athgadlang.com/insights/why-ai-is-quietly-reshaping-entry,https://images.unsplash.com/photo-1512453979798-5ea266f8880c?auto=format&fit=crop&q=80&w=1400,description too long (188),,"AI is no longer distant for GCC businesses: it's already reshaping entry-level and junior roles, especially across the UAE."
Bahrain,https://bh.athgadlang.com/insights/bahrain-ai-skills-2026,Insight article,Bahrain AI Skills 2026 | athGADLANG,35,"The headlines about AI are alarming, but the facts tell a more complex story. AI is changing what people do at work more than simply removing jobs. Global estimates suggest a large share of…",190,Bahrain AI Skills 2026,https://bh.athgadlang.com/insights/bahrain-ai-skills-2026,https://images.unsplash.com/photo-1552581234-26160f608093?auto=format&fit=crop&q=80&w=1400,description too long (190),,"The headlines about AI are alarming, but the facts are more complex. AI is reshaping jobs more than eliminating them, and Bahrain is no exception."
Bahrain,https://bh.athgadlang.com/insights/bahrain-bourse-joins-bahrain-association-of-banks,Insight article,Bahrain Bourse Joins Bahrain Association of Banks | athGADLANG,62,Bahrain Bourse (BHB) has announced that it has joined the Bahrain Association of Banks (BAB). This step will improve cooperation between Bahrain’s stock exchange and the banking sector. It…,189,Bahrain Bourse Joins Bahrain Association of Banks,https://bh.athgadlang.com/insights/bahrain-bourse-joins-bahrain-association-of-banks,https://images.unsplash.com/photo-1521791136064-7986c2920216?auto=format&fit=crop&q=80&w=1400,title too long (62); description too long (189),Bahrain Bourse Joins Association of Banks | athGADLANG,"Bahrain Bourse (BHB) has joined the Bahrain Association of Banks (BAB), a step expected to strengthen ties between the exchange and banking sector."
Bahrain,https://bh.athgadlang.com/insights/bahrain-brain-drain,Insight article,Bahrain Brain Drain | athGADLANG,32,"For years, mid-career professionals shaped decisions, built bridges, and carried knowledge that rarely made the headlines.",122,Bahrain Brain Drain,https://bh.athgadlang.com/insights/bahrain-brain-drain,https://images.unsplash.com/photo-1551288049-bebda4e38f71?auto=format&fit=crop&q=80&w=1400,OK,,
Bahrain,https://bh.athgadlang.com/insights/how-bahrain-is-emerging-as-a-regional-fintech-and-digital-banking-hub,Insight article,How Bahrain Is Emerging as a Regional Fintech and Digital Banking Hub | athGADLANG,82,"Bahrain may be small in size, but its financial ambition is anything but small. Over the past few years, the Kingdom has quietly positioned itself as one of the most advanced fintech and…",187,How Bahrain Is Emerging as a Regional Fintech and Digital Banking Hub,https://bh.athgadlang.com/insights/how-bahrain-is-emerging-as-a-regional-fintech-and-digital-banking-hub,https://images.unsplash.com/photo-1543286386-713bdd548da4?auto=format&fit=crop&q=80&w=1400,title too long (82); description too long (187),Bahrain's Rise as a Regional Fintech Hub | athGADLANG,"Bahrain may be small, but its financial ambition isn't. Over recent years, the Kingdom has quietly become one of the region's most advanced fintech hubs."
Saudi Arabia,https://ksa.athgadlang.com/,Homepage,"Wathiq — Audit, Tax, Accounting and Advisory in Saudi Arabia",60,"Wathiq is an audit, tax and advisory firm in Saudi Arabia. Statutory audit, corporate tax, VAT, company formation and outsourced finance for growing businesses.",160,Clarity in the numbers. Confidence in every decision.,https://ksa.athgadlang.com,(none),no social share image,,
Saudi Arabia,https://ksa.athgadlang.com/services,services,Services | Wathiq,17,"Assurance, accounting, tax, resourcing, consulting, corporate services and asset management from athGADLANG, across the UAE, KSA, Bahrain, the UK and Pakistan.",159,"Every practice area, one accountable team.",https://ksa.athgadlang.com/services,https://images.unsplash.com/photo-1560264280-88b68371db39?auto=format&fit=crop&q=80&w=2400,title short (17),"Assurance, Tax & Advisory Services | Wathiq",
Saudi Arabia,https://ksa.athgadlang.com/insights,insights,Insights | Wathiq,17,"Regulatory updates, technical guidance and expert analysis on tax, audit, compliance and company formation across the UAE, KSA, Bahrain, the UK and Pakistan.",157,Perspectives that keep you ahead of the regulation.,https://ksa.athgadlang.com/insights,https://images.unsplash.com/photo-1504711434969-e33886168f5c?auto=format&fit=crop&q=80&w=2400,title short (17),"Wathiq: Tax, Audit & Compliance Insights",
Saudi Arabia,https://ksa.athgadlang.com/webinars,webinars,Webinars | Wathiq,17,"On-demand sessions on tax, audit, compliance and business setup, hosted by the athGADLANG specialists who advise on them day to day.",132,Sit in on the sessions our clients ask for.,https://ksa.athgadlang.com/webinars,https://images.unsplash.com/photo-1531058020387-3be344556be6?auto=format&fit=crop&q=80&w=2400,title short (17),"Wathiq: Tax, Audit & Compliance Webinars",
Saudi Arabia,https://ksa.athgadlang.com/events,events,Events | Wathiq,15,"Live webinars and in-person seminars on tax, audit, compliance and business setup across the UAE, KSA, Bahrain, the UK and Pakistan — hosted by the athGADLANG specialists who advise on them day to day.",201,Come and ask the questions in person.,https://ksa.athgadlang.com/events,https://images.unsplash.com/photo-1540575467063-178a50c2df87?auto=format&fit=crop&q=80&w=2400,title short (15); description too long (201),"Wathiq: Tax, Audit & Compliance Events","Live webinars and seminars on tax, audit and business setup, hosted by the Wathiq specialists who advise on them day to day."
Saudi Arabia,https://ksa.athgadlang.com/company-profile,company-profile,About Us | Wathiq,17,"athGADLANG helps businesses navigate complexity with confidence — tax strategy, consulting, assurance and accounting across the UAE, KSA, Bahrain, the UK and Pakistan.",167,A partner for the decisions that carry weight.,https://ksa.athgadlang.com,(none),title short (17); description too long (167); no social share image,"About Wathiq: Tax, Audit & Advisory","Wathiq helps businesses navigate complexity, tax strategy, consulting, assurance and accounting across the UAE, KSA, Bahrain, the UK and Pakistan."
Saudi Arabia,https://ksa.athgadlang.com/privacy-policy,privacy-policy,Privacy Policy | Wathiq,23,"What personal information athGADLANG collects through this website, how it is used, and the choices available to you.",117,Privacy Policy,https://ksa.athgadlang.com/privacy-policy,(none),title short (23); no social share image,Privacy Policy | Wathiq Professional Services,
Saudi Arabia,https://ksa.athgadlang.com/terms-of-use,terms-of-use,Terms Of Use | Wathiq,21,"The terms on which athGADLANG makes this website available, including permitted use, intellectual property and limitation of liability.",135,Terms Of Use,https://ksa.athgadlang.com/terms-of-use,(none),title short (21); no social share image,Terms of Use | Wathiq Professional Services,
Saudi Arabia,https://ksa.athgadlang.com/legal-information,legal-information,Legal Information | Wathiq,26,"Important legal information about your use of the athGADLANG website, including warranties, liability and intellectual property.",128,Legal Information,https://ksa.athgadlang.com/legal-information,(none),title short (26); no social share image,Legal Information | Wathiq Professional Services,
Saudi Arabia,https://ksa.athgadlang.com/services/assurance,Service,Assurance | Wathiq,18,"At athGADLANG, we offer strategic assurance solutions that go beyond traditional audits to provide actionable insights, strengthen controls, and mitigate risks in a complex business landscape. Our services deliver confidence in your financials, operations, and compliance, positioning you for sustainable growth and resilience.",327,Assurance,https://ksa.athgadlang.com,(none),title short (18); description too long (327); no social share image,Assurance & Audit Services in Saudi Arabia | Wathiq,"At Wathiq, we offer assurance services that go beyond audits, improving controls, managing risk and building confidence in your financials and operations."
Saudi Arabia,https://ksa.athgadlang.com/services/accounting,Service,Accounting | Wathiq,19,We understand that accounting is an area that no business can compromise on. Our team of accounting experts ensures that your stakeholders can use the most accurate and up-to-date records for day-to-day operations and decision-making purposes.,243,Accounting,https://ksa.athgadlang.com,(none),title short (19); description too long (243); no social share image,Accounting & Bookkeeping Services in KSA | Wathiq,"Wathiq's accounting experts deliver accurate, up-to-date records, so your team can make decisions with confidence, every single day."
Saudi Arabia,https://ksa.athgadlang.com/services/tax,Service,Tax | Wathiq,12,"At athGADLANG, we provide specialized tax services tailored to the UAE's evolving landscape, including the new Corporate Tax regime, ensuring compliance, optimization, and strategic tax planning for businesses operating in this dynamic hub. Our expert-driven solutions help you navigate federal and emirate-specific requirements with precision and foresight.",358,Tax,https://ksa.athgadlang.com,(none),title short (12); description too long (358); no social share image,"""Tax Services in Saudi Arabia | Wathiq","Wathiq's tax services help businesses navigate Saudi Arabia's tax landscape, from VAT and Zakat to corporate tax compliance and strategic planning."
Saudi Arabia,https://ksa.athgadlang.com/services/resourcing,Service,Resourcing | Wathiq,19,"At athGADLANG, we provide flexible, expert-driven resourcing solutions that help businesses adapt, scale, and perform in a dynamic environment. Our services are designed to ensure you have the right talent, capabilities, and support, exactly when you need them.",261,Resourcing,https://ksa.athgadlang.com,(none),title short (19); description too long (261); no social share image,Resourcing & Talent Solutions in KSA | Wathiq,"Wathiq delivers flexible resourcing solutions that help businesses adapt and scale, the right talent and support, exactly when you need it."
Saudi Arabia,https://ksa.athgadlang.com/services/business-process-outsourcing,Service,Business Process Outsourcing (BPO) | Wathiq,43,"Optimize your operations, reduce costs, and enhance efficiency with our Business Process Outsourcing (BPO) solutions. At aG Resources, we provide industry-specific outsourcing services, allowing businesses to delegate non-core functions while maintaining control and quality. Whether you need financial experts, customer support teams, or back-office specialists, our tailored BPO solutions help you scale faster and operate smarter.",433,Business Process Outsourcing (BPO),https://ksa.athgadlang.com,(none),description too long (433); no social share image,,"Wathiq's BPO solutions help you delegate non-core functions, financial, customer support and back-office, while you scale faster and operate smarter."
Saudi Arabia,https://ksa.athgadlang.com/services/talent-acquisition,Service,Talent Acquisition | Wathiq,27,"Finding the right talent is more than just filling positions — it's about securing professionals who drive success. At aG Resources, we act as your dedicated offsite recruitment partner, connecting you with top-tier candidates across industries. Whether you need junior staff or C-suite executives, our strategic hiring solutions ensure you find the perfect fit for your organization.",384,Talent Acquisition,https://ksa.athgadlang.com,(none),title short (27); description too long (384); no social share image,Talent Acquisition Services in KSA | Wathiq,"Wathiq' strategic hiring solutions connect you with top-tier talent across industries, from junior staff to C-suite, wherever you're growing."
Saudi Arabia,https://ksa.athgadlang.com/services/remote-workforce-solutions,Service,Remote Workforce Solutions | Wathiq,35,"Access top talent without overhead. At aG Resources, we provide dedicated remote professionals under a secondment model, ensuring you get the expertise you need while we manage payroll, administration, and infrastructure. Whether you require short-term specialists or long-term dedicated resources, our remote workforce solutions help you scale efficiently without compromising on quality.",389,Remote Workforce Solutions,https://ksa.athgadlang.com,(none),description too long (389); no social share image,,"Wathiq provides dedicated remote professionals under a secondment model, we manage payroll and infrastructure, you get the expertise."
Saudi Arabia,https://ksa.athgadlang.com/services/consulting,Service,Consulting | Wathiq,19,"At athGADLANG, we help businesses navigate complexity, unlock opportunities, and achieve sustainable growth. Our consulting services combine deep industry expertise with practical insights to support better decision-making across all areas of your organization.",261,Consulting,https://ksa.athgadlang.com,(none),title short (19); description too long (261); no social share image,Consulting Services in Saudi Arabia | Wathiq,"Wathiq's consulting services combine deep industry expertise with practical insights, helping you unlock opportunities and achieve sustainable growth."
Saudi Arabia,https://ksa.athgadlang.com/services/corporate-services,Service,Corporate Services | Wathiq,27,"At aG Corporate Services, we simplify the entire UAE company formation process – from selecting the right jurisdiction to getting your trade license, visas, and bank account ready.",180,Corporate Services,https://ksa.athgadlang.com,(none),title short (27); description too long (180); no social share image,Corporate Services in Saudi Arabia | aG Corporate Services,"aG Corporate Services simplifies Saudi Arabia company formation, from choosing the right jurisdiction to trade licenses, visas and bank accounts."
Saudi Arabia,https://ksa.athgadlang.com/services/fixed-asset-inventory-management,Service,Fixed Asset & Inventory Management | Wathiq,43,"At athGADLANG, we deliver expert-led fixed assets and inventory management solutions that empower businesses to maintain accuracy, compliance, and efficiency in their asset lifecycle. Our services ensure precise tracking, valuation, and optimization of fixed assets and inventory, minimizing risks and supporting informed decision-making in dynamic environments.",362,Fixed Asset & Inventory Management,https://ksa.athgadlang.com,(none),description too long (362); no social share image,,"Wathiq's fixed asset and inventory management solutions ensure accurate tracking, valuation and compliance, minimizing risk in dynamic environments."
Saudi Arabia,https://ksa.athgadlang.com/about/leadership/arshad-gadit,About,Arshad Gadit — Partner & Global CEO | Wathiq,44,"Arshad is our Global CEO, Head of Public Relations & Partner. He has over 2 decades of firm experience in Europe, South East Asia and Middle East. Prior to joining athGADLANG, Arshad has led the audit practice at BDO Bahrain as an Assurance and Business Advisory Partner.",271,Arshad Gadit,https://ksa.athgadlang.com,(none),description too long (271); no social share image,,"Arshad Gadit, Wathiq's Global CEO, brings two decades of audit and advisory experience, including leading BDO Bahrain's audit practice."
Saudi Arabia,https://ksa.athgadlang.com/about/leadership/usman-alam,About,Usman Alam — Partner — Assurance & Compliance | Wathiq,54,"Usman is a seasoned professional who has spent over 17 years serving clients across various industries with Assurance, Financial Planning, Business Advisory, Financial Reporting, and Compliance services. He has worked with some of the top firms in the industry, including PWC and KPMG, and is a Fellow Chartered Accountant from the Institute of Chartered Accountants of England and Wales (ICAEW).",396,Usman Alam,https://ksa.athgadlang.com,(none),description too long (396); no social share image,,"Usman Alam is a Partner at Wathiq with 17+ years in Assurance and Compliance, including roles at PwC and KPMG. Fellow Chartered Accountant, ICAEW."
Saudi Arabia,https://ksa.athgadlang.com/about/leadership/yasir-gadit,About,Yasir Gadit — Partner — Consulting | Wathiq,43,"Yasir is our leader for the Consulting division. He is a Fellow Chartered Accountant from the Institute of Chartered Accountants of Pakistan (ICAP). With more than 19 years of experience, Yasir is passionate adding value to our clients, and is a huge cricket enthusiast.",270,Yasir Gadit,https://ksa.athgadlang.com,(none),description too long (270); no social share image,,Yasir Gadit leads Wathiq's Consulting division. A Fellow Chartered Accountant (ICAP) with 19+ years of experience adding value for clients.
Saudi Arabia,https://ksa.athgadlang.com/about/leadership/abdullah-taimoor,About,Abdullah Taimoor — Partner — Fixed Asset & Inventory Management | Wathiq,72,"Abdullah Taimoor is a distinguished finance professional with over 18 years of experience, including a tenure as an external auditor at PwC, where he audited leading banks, funds, and insurance companies. He holds an MBA in Finance and is a certified ACCA, bringing deep expertise in auditing, financial reporting, and operational risk management.",347,Abdullah Taimoor,https://ksa.athgadlang.com,(none),title too long (72); description too long (347); no social share image,"Abdullah Taimoor — Partner, FAIM | Wathiq","18+ years in finance and auditing, including PwC. Abdullah Taimoor is Wathiq's Partner for Fixed Asset & Inventory Management, MBA, ACCA."
Saudi Arabia,https://ksa.athgadlang.com/about/leadership/arslan-mushtaq,About,Arslan Mushtaq — Partner — Tax | Wathiq,39,"Arslan leads the team at our Tax division. His experience spans over 19 years of post qualification tenure in VAT, Audit Assurance and Internal Audit working at PwC, KPMG and FRHI in the UK and UAE.",198,Arslan Mushtaq,https://ksa.athgadlang.com,(none),description too long (198); no social share image,,"Arslan Mushtaq leads Wathiq's Tax division, 19+ years in VAT, Audit and Internal Audit at PwC, KPMG and FRHI, across the UK and UAE."
Saudi Arabia,https://ksa.athgadlang.com/about/leadership/abdul-aziz-lang,About,Abdul Aziz Lang — Partner — Strategy | Wathiq,45,"Abdul Aziz Lang is one of the most senior partners of the firm, with more than three decades of experience in Consulting, Corporate Finance, and Strategy. Abdul Aziz is a fellow member of the Institute of Chartered Accountants of Pakistan, Institute of Cost and Management Accountants, Institute of Corporate Secretaries, and a Certified Strategic Management Master.",366,Abdul Aziz Lang,https://ksa.athgadlang.com,(none),description too long (366); no social share image,,"Abdul Aziz Lang is one of Wathiq's most senior partners, 30+ years in Consulting, Corporate Finance and Strategy, and a Fellow Chartered Accountant."
Saudi Arabia,https://ksa.athgadlang.com/about/leadership/saqib-nisar,About,Saqib Nisar — Managing Partner | Wathiq,39,"Saqib Nisar has over 25 years of experience in the field of investigations, contract reviews, financial crime, AML and sanctions assessments, audit, accounting, forensics, and related services. He has worked in a range of industries, including construction, logistics, trading and contracting services, and oil & gas sectors.",325,Saqib Nisar,https://ksa.athgadlang.com,(none),description too long (325); no social share image,,"
Saqib Nisar, Wathiq's Managing Partner, brings 25+ years in financial crime, AML, sanctions assessments and forensic investigations."
Saudi Arabia,https://ksa.athgadlang.com/about/leadership/haziq-neshat-akhtar,About,"Haziq Neshat Akhtar — Partner — Risk, Financial Crimes & Transaction Advisory | Wathiq",86,"Haziq Neshat Akhtar leads the Advisory division at athGADLANG & WATHIQ. With over 16 years of experience, he specializes in risk management, forensic audits, corporate advisory, and financial consulting.",203,Haziq Neshat Akhtar,https://ksa.athgadlang.com,(none),title too long (86); description too long (203); no social share image,"Haziq N. Akhtar — Partner, Risk Advisory | athGADLANG","Haziq Neshat Akhtar leads Advisory at athGADLANG and Wathiq, specializing in risk management, forensic audits and corporate advisory."
Saudi Arabia,https://ksa.athgadlang.com/about/leadership/osman-babar,About,Osman Babar — Partner — BPO Services | Wathiq,45,"Osman is our Partner of Business Process Outsourcing (BPO) Services and a fellow member of the Institute of Chartered Accountants of Pakistan. He is a determined, highly motivated, and skilled professional with more than 22 years of experience.",244,Osman Babar,https://ksa.athgadlang.com,(none),description too long (244); no social share image,,"Osman Babar is Wathiq's Partner for BPO Services, a Fellow of the Institute of Chartered Accountants of Pakistan, with 22+ years of experience."
Saudi Arabia,https://ksa.athgadlang.com/about/leadership/sikandar-gadit,About,Sikandar Gadit — Partner & Chief Operating Officer | Wathiq,59,"Sikander Abdul Rehman Gadit is the COO at athGADLANG & WATHIQ, with over 25 years of international experience across the UAE, KSA, Bahrain, and Pakistan. He specializes in business operations, growth strategy, and market expansion, helping organizations build scalable and efficient operating models.",300,Sikandar Gadit,https://ksa.athgadlang.com,(none),description too long (300); no social share image,,"Sikandar Gadit, athGADLANG and Wathiq's COO, brings 25+ years across the UAE, KSA, Bahrain and Pakistan in operations and growth strategy."
Saudi Arabia,https://ksa.athgadlang.com/about/leadership/khushboo-mushtaq,About,Khushboo Mushtaq — Director — Financial Accounting & Advisory Services (FAAS) | Wathiq,86,A Chartered Accountant from Institute of Chartered Accountants of Pakistan. Khushboo's experience spans across a spectrum of verticals in more than one country and has a strong grip on IFRS.,190,Khushboo Mushtaq,https://ksa.athgadlang.com,(none),title too long (86); description too long (190); no social share image,"Khushboo Mushtaq — Director, FAAS | Wathiq","Khushboo Mushtaq, Wathiq's FAAS Director, is a Chartered Accountant (ICAP) with strong IFRS expertise across multiple countries."
Saudi Arabia,https://ksa.athgadlang.com/insights/saudi-arabia-launches-live-crowd-tracking-at-the-grand-mosque,Insight article,Saudi Arabia Launches Live Crowd Tracking at the Grand Mosque | Wathiq,70,"Every year, millions of Muslims visit the Grand Mosque in Makkah to perform Umrah and Hajj. During busy seasons, large crowds can make it difficult to move comfortably. To improve safety…",187,Saudi Arabia Launches Live Crowd Tracking at the Grand Mosque,https://ksa.athgadlang.com/insights/saudi-arabia-launches-live-crowd-tracking-at-the-grand-mosque,https://images.unsplash.com/photo-1521791136064-7986c2920216?auto=format&fit=crop&q=80&w=1400,title too long (70); description too long (187),Live Crowd Tracking at the Grand Mosque | Wathiq,"Every year, millions of Muslims visit the Grand Mosque in Makkah for Umrah and Hajj. New live crowd tracking now helps keep the crowds moving safely."
Saudi Arabia,https://ksa.athgadlang.com/insights/the-kingdom-that-doesnt-wait-basma-malik,Insight article,The Kingdom that doesnt wait- Basma Malik | Wathiq,50,Saudi Arabia Isn't Waiting. Neither Is Opportunity.,51,The Kingdom that doesnt wait- Basma Malik,https://ksa.athgadlang.com/insights/the-kingdom-that-doesnt-wait-basma-malik,https://images.unsplash.com/photo-1543286386-713bdd548da4?auto=format&fit=crop&q=80&w=1400,description short (51),,"Saudi Arabia isn't waiting, and neither is opportunity. Inside the Kingdom's push to move fast, build boldly, and get ahead of the curve."
Saudi Arabia,https://ksa.athgadlang.com/insights/the-saudi-camel-race-where-the-jockeys-chase-the-camels-instead-of-riding-them,Insight article,The Saudi Camel Race Where the Jockeys Chase the Camels Instead of Riding Them | Wathiq,87,"On race day at a track outside Riyadh, camels line up at the gate with something small and strange strapped to their backs. It's not a person. It's a robot, four or five kilograms, dressed…",189,The Saudi Camel Race Where the Jockeys Chase the Camels Instead of Riding Them,https://ksa.athgadlang.com/insights/the-saudi-camel-race-where-the-jockeys-chase-the-camels-instead-of-riding-them,https://images.unsplash.com/photo-1552581234-26160f608093?auto=format&fit=crop&q=80&w=1400,title too long (87); description too long (189),The Camel Race Where Robots Are the Jockeys | Wathiq,"On race day outside Riyadh, camels line up with something small and strange strapped to their backs. It's not a rider. It's a four-kilogram robot."
Saudi Arabia,https://ksa.athgadlang.com/insights/six-hours-that-changed-two-lives,Insight article,Six Hours That Changed Two Lives | Wathiq,41,The Six Hour Surgery That Put Saudi Arabia's Healthcare in the Global Spotlight,79,Six Hours That Changed Two Lives,https://ksa.athgadlang.com/insights/six-hours-that-changed-two-lives,https://images.unsplash.com/photo-1551288049-bebda4e38f71?auto=format&fit=crop&q=80&w=1400,OK,,
Saudi Arabia,https://ksa.athgadlang.com/insights/appfolio-automates-property-management-yet-cannot-do-your-bookkeeping,Insight article,AppFolio Automates Property Management Yet Cannot Do Your Bookkeeping | Wathiq,78,"If your property management firm uses AppFolio, you are already ahead of many businesses.",89,AppFolio Automates Property Management Yet Cannot Do Your Bookkeeping,https://ksa.athgadlang.com/insights/appfolio-automates-property-management-yet-cannot-do-your-bookkeeping,https://images.unsplash.com/photo-1554774853-aae0a22c8aa4?auto=format&fit=crop&q=80&w=1400,title too long (78),AppFolio Automates PM — Not Bookkeeping | Wathiq,
Saudi Arabia,https://ksa.athgadlang.com/insights/yardi-is-not-replacing-your-property-management-accountant,Insight article,Yardi Is Not Replacing Your Property Management Accountant | Wathiq,67,"If your property management firm uses Yardi, you already know how powerful the platform can be.",95,Yardi Is Not Replacing Your Property Management Accountant,https://ksa.athgadlang.com/insights/yardi-is-not-replacing-your-property-management-accountant,https://images.unsplash.com/photo-1450101499163-c8848c66ca85?auto=format&fit=crop&q=80&w=1400,title too long (67),Yardi Isn't Replacing Your PM Accountant | Wathiq,
Saudi Arabia,https://ksa.athgadlang.com/insights/claude-fable-5-teaches,Insight article,Claude Fable 5 Teaches | Wathiq,31,"On June 9, 2026, Anthropic opened a door it had kept locked for months. It released Claude Fable 5, the first version of its Mythos class of models that anyone could actually touch. For a…",188,Claude Fable 5 Teaches,https://ksa.athgadlang.com/insights/claude-fable-5-teaches,https://images.unsplash.com/photo-1460925895917-afdab827c52f?auto=format&fit=crop&q=80&w=1400,description too long (188),,"On June 9, 2026, Anthropic released Claude Fable 5, the first publicly accessible model in its new Mythos class. Here's what changed and why it matters."
Saudi Arabia,https://ksa.athgadlang.com/insights/coffee-cup-is-giant,Insight article,Coffee Cup is Giant | Wathiq,28,Never Judge Your Coworker's Gigantic Coffee Cup: It is not for Office Gossip,76,Coffee Cup is Giant,https://ksa.athgadlang.com/insights/coffee-cup-is-giant,https://images.unsplash.com/photo-1589829545856-d10d557cf95f?auto=format&fit=crop&q=80&w=1400,title short (28),Never Judge Your Coworker's Giant Coffee Cup | Wathiq,
Saudi Arabia,https://ksa.athgadlang.com/insights/kabsa-mathlouda-or-mandi,Insight article,"Kabsa, Mathlouda or Mandi | Wathiq",34,"Three Rice Dishes, One Loyal Heart: The Great Saudi Debate",58,"Kabsa, Mathlouda or Mandi",https://ksa.athgadlang.com/insights/kabsa-mathlouda-or-mandi,https://images.unsplash.com/photo-1526628953301-3e589a6a8b74?auto=format&fit=crop&q=80&w=1400,description short (58),,"Kabsa, Mathlouda, Mandi: three rice dishes, one loyal heart. Every Saudi family has a favorite, and almost nobody is willing to change their mind."
Saudi Arabia,https://ksa.athgadlang.com/insights/who-speaks-for-the-strays-animal-welfare-in-saudi-arabia-turkiye-and-beyond,Insight article,"Who Speaks for the Strays? Animal Welfare in Saudi Arabia, Türkiye, and Beyond | Wathiq",87,The Stories Behind Saudi Arabia's UNESCO World Heritage Sites,61,"Who Speaks for the Strays? Animal Welfare in Saudi Arabia, Türkiye, and Beyond",https://ksa.athgadlang.com/insights/who-speaks-for-the-strays-animal-welfare-in-saudi-arabia-turkiye-and-beyond,https://images.unsplash.com/photo-1554774853-aae0a22c8aa4?auto=format&fit=crop&q=80&w=1400,title too long (87); description short (61),Who Speaks for the Strays? | Wathiq,"Stray animals are a common sight across Saudi Arabia, Türkiye and beyond. Who's responsible for their welfare, and who's actually stepping up to help?"
Saudi Arabia,https://ksa.athgadlang.com/insights/world-cup-2026-has-saudi-arabia-s-billion-dollar-football-bet-made-the-green-fal,Insight article,World Cup 2026- Has Saudi Arabia's billion-dollar football bet made the Green Falcons better | Wathiq,101,"Saudi Arabia has spent billions of dollars to transform its football scene. Big stars such as Cristiano Ronaldo, Karim Benzema, Neymar, and Sadio Mane have joined the Saudi Pro League in…",187,World Cup 2026- Has Saudi Arabia's billion-dollar football bet made the Green Falcons better,https://ksa.athgadlang.com/insights/world-cup-2026-has-saudi-arabia-s-billion-dollar-football-bet-made-the-green-fal,https://images.unsplash.com/photo-1450101499163-c8848c66ca85?auto=format&fit=crop&q=80&w=1400,title too long (101); description too long (187),Has Saudi Arabia's Football Bet Paid Off? | Wathiq,"Saudi Arabia has spent billions transforming its football scene. Cristiano Ronaldo, Karim Benzema, Neymar and Sadio Mane all joined the Saudi Pro League."
Saudi Arabia,https://ksa.athgadlang.com/insights/software-is-not-fixing-your-accounting-problems,Insight article,Software Is Not Fixing Your Accounting Problems | Wathiq,56,"Many property management firms believe the answer to accounting challenges is a better software platform. So, they upgrade. They move to AppFolio, Yardi, Buildium, Rent Manager, or another…",189,Software Is Not Fixing Your Accounting Problems,https://ksa.athgadlang.com/insights/software-is-not-fixing-your-accounting-problems,https://images.unsplash.com/photo-1460925895917-afdab827c52f?auto=format&fit=crop&q=80&w=1400,description too long (189),,"Many property management firms think better software fixes accounting problems. They upgrade to AppFolio, Yardi or Buildium, and the problems stay."
Saudi Arabia,https://ksa.athgadlang.com/insights/firms-lose-clients-over-accounting,Insight article,Firms Lose Clients Over Accounting | Wathiq,43,"Most property management firms believe they lose clients because of maintenance issues, tenant complaints, or operational mistakes.",131,Firms Lose Clients Over Accounting,https://ksa.athgadlang.com/insights/firms-lose-clients-over-accounting,https://images.unsplash.com/photo-1507679799987-c73779587ccf?auto=format&fit=crop&q=80&w=1400,OK,,
Saudi Arabia,https://ksa.athgadlang.com/insights/your-next-property-management-hire-might-not-need-to-be-a-hire-at-all,Insight article,Your Next Property Management Hire Might Not Need to Be a Hire at All | Wathiq,78,"If you run a property management firm in North America, chances are you have faced this situation. Your portfolio grows. Reporting takes longer. Owner statements start piling up. Month-end…",189,Your Next Property Management Hire Might Not Need to Be a Hire at All,https://ksa.athgadlang.com/insights/your-next-property-management-hire-might-not-need-to-be-a-hire-at-all,https://images.unsplash.com/photo-1543286386-713bdd548da4?auto=format&fit=crop&q=80&w=1400,title too long (78); description too long (189),Your Next PM Hire Might Not Be a Hire | Wathiq,"If you run a property management firm in North America, you've likely faced this: portfolio growth, slower reporting, harder month-ends."
Saudi Arabia,https://ksa.athgadlang.com/insights/the-property-management-firms-winning-in-north-america-are-not-building-bigger-a,Insight article,The Property Management Firms Winning in North America Are Not Building Bigger Accounting Teams | Wathiq,104,"Across North America, property management firms are growing aggressively. More units are being added. More owners are being onboarded. More properties are entering portfolios every month.",187,The Property Management Firms Winning in North America Are Not Building Bigger Accounting Teams,https://ksa.athgadlang.com/insights/the-property-management-firms-winning-in-north-america-are-not-building-bigger-a,https://images.unsplash.com/photo-1552581234-26160f608093?auto=format&fit=crop&q=80&w=1400,title too long (104); description too long (187),Why Top PM Firms Skip Bigger Accounting Teams | Wathiq,"Across North America, property management firms are growing fast, more units, more owners, more properties. But headcount isn't the growth strategy."
Saudi Arabia,https://ksa.athgadlang.com/insights/property-management-firms-in-north-america-are-rapidly-outsourcing-accounting-an,Insight article,Property Management Firms in North America Are Rapidly Outsourcing Accounting and Bookkeeping | Wathiq,102,"If you run a property management firm in North America, you have probably noticed something. Accounting and bookkeeping are taking up more time than they used to.",162,Property Management Firms in North America Are Rapidly Outsourcing Accounting and Bookkeeping,https://ksa.athgadlang.com/insights/property-management-firms-in-north-america-are-rapidly-outsourcing-accounting-an,https://images.unsplash.com/photo-1521791136064-7986c2920216?auto=format&fit=crop&q=80&w=1400,title too long (102); description too long (162),PM Firms Are Rapidly Outsourcing Accounting | Wathiq,"If you run a property management firm in North America, you've probably noticed something. Accounting and bookkeeping take up more time than they used to."
Saudi Arabia,https://ksa.athgadlang.com/insights/what-top-property-management-firms-in-north-america-do-differently-with-their-ac,Insight article,What Top Property Management Firms in North America Do Differently With Their Accounting | Wathiq,97,"If you look closely at the fastest-growing property management firms in North America, you will notice something interesting. They are not just better at managing properties. They are…",184,What Top Property Management Firms in North America Do Differently With Their Accounting,https://ksa.athgadlang.com/insights/what-top-property-management-firms-in-north-america-do-differently-with-their-ac,https://images.unsplash.com/photo-1551288049-bebda4e38f71?auto=format&fit=crop&q=80&w=1400,title too long (97); description too long (184),What Top Property Management Firms Do | Wathiq,"Look closely at the fastest-growing property management firms in North America, and you'll notice something. They handle accounting differently."
Saudi Arabia,https://ksa.athgadlang.com/insights/business-developers-need-be-dead,Insight article,Business Developers need be dead | Wathiq,41,Should AI Replace Business Development Executives? The Necessary Debate,71,Business Developers need be dead,https://ksa.athgadlang.com/insights/business-developers-need-be-dead,https://images.unsplash.com/photo-1454165804606-c3d57bc86b40?auto=format&fit=crop&q=80&w=1400,OK,,
Saudi Arabia,https://ksa.athgadlang.com/insights/the-hidden-cost-of-in,Insight article,The Hidden Cost of In | Wathiq,30,"If you run a property management firm in North America, you probably believe that keeping accounting in-house gives you control. It feels safer. It feels familiar. And for many firms, it…",187,The Hidden Cost of In,https://ksa.athgadlang.com/insights/the-hidden-cost-of-in,https://images.unsplash.com/photo-1512453979798-5ea266f8880c?auto=format&fit=crop&q=80&w=1400,description too long (187),,"If you run a property management firm in North America, keeping accounting in-house feels safer and more familiar. But it isn't always cheaper."
Saudi Arabia,https://ksa.athgadlang.com/insights/giga-projects-vs-sme,Insight article,Giga Projects vs SME | Wathiq,29,"In Saudi Arabia, billion-dollar mega cities can rise while a small business launches the same day, both shaping the future in completely different ways.",152,Giga Projects vs SME,https://ksa.athgadlang.com/insights/giga-projects-vs-sme,https://images.unsplash.com/photo-1589829545856-d10d557cf95f?auto=format&fit=crop&q=80&w=1400,title short (29),Giga Projects vs. SMEs in Saudi Arabia | Wathiq,
Saudi Arabia,https://ksa.athgadlang.com/insights/saudi-love-island,Insight article,Saudi Love Island | Wathiq,26,Would a Saudi Love Island Be More Real… or More Fake?,53,Saudi Love Island,https://ksa.athgadlang.com/insights/saudi-love-island,https://images.unsplash.com/photo-1526628953301-3e589a6a8b74?auto=format&fit=crop&q=80&w=1400,title short (26); description short (53),Saudi Love Island: Real or Fake? | Wathiq,"Reality dating shows thrive on unscripted drama. Would a Saudi version feel more authentic, or just create a different kind of performance?"
Saudi Arabia,https://ksa.athgadlang.com/insights/red-flags-your-property-management-accounting-needs-outsourcing-in-north-america,Insight article,Red Flags Your Property Management Accounting Needs Outsourcing in North America | Wathiq,89,"If you are running a property management firm in North America, you already know this. Managing properties is only half the job. The real pressure often sits behind the scenes in your…",184,Red Flags Your Property Management Accounting Needs Outsourcing in North America,https://ksa.athgadlang.com/insights/red-flags-your-property-management-accounting-needs-outsourcing-in-north-america,https://images.unsplash.com/photo-1554224155-6726b3ff858f?auto=format&fit=crop&q=80&w=1400,title too long (89); description too long (184),Red Flags in Property Management Accounting | Wathiq,Running a property management firm in North America means managing properties is only half the job. These are the signs it's time to outsource accounting.
Saudi Arabia,https://ksa.athgadlang.com/insights/some-people-deserve-a-spoiler-ban-for-life,Insight article,Some People Deserve a Spoiler Ban for Life | Wathiq,51,The People Who Spoil Shows Deserve Their Own Villain Arc,56,Some People Deserve a Spoiler Ban for Life,https://ksa.athgadlang.com/insights/some-people-deserve-a-spoiler-ban-for-life,https://images.unsplash.com/photo-1554774853-aae0a22c8aa4?auto=format&fit=crop&q=80&w=1400,description short (56),,"There's a special kind of person who ruins the ending before you even ask. Every group has one, and every group has a grudge to match."
Saudi Arabia,https://ksa.athgadlang.com/insights/coffee-qahwa,Insight article,Coffee Qahwa | Wathiq,21,Coffee is holding Saudi Vision 2030 in place,44,Coffee Qahwa,https://ksa.athgadlang.com/insights/coffee-qahwa,https://images.unsplash.com/photo-1450101499163-c8848c66ca85?auto=format&fit=crop&q=80&w=1400,title short (21); description short (44),How Qahwa Holds Vision 2030 Together | Wathiq,"Qahwa, Saudi Arabia's traditional coffee, is more than a custom. It's a quiet thread running through the Kingdom's ambitions under Vision 2030."
Saudi Arabia,https://ksa.athgadlang.com/insights/property-management-outsourcing-is-reshaping-real-estate-in-north-america,Insight article,Property Management Outsourcing Is Reshaping Real Estate in North America | Wathiq,82,"If you are managing properties in North America, you have likely felt it already. Costs are rising, tenant expectations are increasing, and operational complexity is becoming harder to…",185,Property Management Outsourcing Is Reshaping Real Estate in North America,https://ksa.athgadlang.com/insights/property-management-outsourcing-is-reshaping-real-estate-in-north-america,https://images.unsplash.com/photo-1454165804606-c3d57bc86b40?auto=format&fit=crop&q=80&w=1400,title too long (82); description too long (185),Property Management Outsourcing Is Growing | Wathiq,"If you manage properties in North America, you've likely felt it: rising costs, growing expectations, operations getting harder to run alone."
Saudi Arabia,https://ksa.athgadlang.com/insights/fashion-for-women-in-arabia,Insight article,Fashion for Women in Arabia | Wathiq,36,"Fashion in Saudi Arabia has always had a strong sense of identity. For many years, it was often seen from the outside as limited or uniform. However, that view no longer reflects reality.",187,Fashion for Women in Arabia,https://ksa.athgadlang.com/insights/fashion-for-women-in-arabia,https://images.unsplash.com/photo-1551288049-bebda4e38f71?auto=format&fit=crop&q=80&w=1400,description too long (187),,"Fashion in Saudi Arabia has always had a strong sense of identity, though it was long seen from the outside as limited. That view no longer holds."
Saudi Arabia,https://ksa.athgadlang.com/insights/progress-report-vision2030,Insight article,Progress report Vision2030 | Wathiq,35,Progress report on Saudi Arabia’s Vision 2030: How Far Has it Come,66,Progress report Vision2030,https://ksa.athgadlang.com/insights/progress-report-vision2030,https://images.unsplash.com/photo-1512453979798-5ea266f8880c?auto=format&fit=crop&q=80&w=1400,description short (66),,"Saudi Arabia's Vision 2030 set ambitious targets for the Kingdom's economy, society and global standing. Here's an honest look at how far it's come."
Saudi Arabia,https://ksa.athgadlang.com/insights/from-not-allowed-to-influencers-the-fastest-social-shift-in-the-world,Insight article,From ‘Not Allowed’ to ‘Influencers’The Fastest Social Shift in the World | Wathiq,81,"In 2017, a young woman in Saudi Arabia sat in the passenger seat, watching the road carefully. She knew how to drive and had practiced many times in quiet places. Still, she could not drive…",190,From ‘Not Allowed’ to ‘Influencers’The Fastest Social Shift in the World,https://ksa.athgadlang.com/insights/from-not-allowed-to-influencers-the-fastest-social-shift-in-the-world,https://images.unsplash.com/photo-1554224155-6726b3ff858f?auto=format&fit=crop&q=80&w=1400,title too long (81); description too long (190),From 'Not Allowed' to 'Influencers' | Wathiq,"In 2017, a young woman in Saudi Arabia sat in the passenger seat, watching the road, knowing how to drive but not yet allowed to. Everything changed fast."
Saudi Arabia,https://ksa.athgadlang.com/insights/future-beyond-oil,Insight article,Future beyond oil | Wathiq,26,Daily life has changed in visible ways when it comes to the Saudi Arabia.,73,Future beyond oil,https://ksa.athgadlang.com/insights/future-beyond-oil,https://images.unsplash.com/photo-1454165804606-c3d57bc86b40?auto=format&fit=crop&q=80&w=1400,title short (26),Life in Saudi Arabia's Future Beyond Oil | Wathiq,
Saudi Arabia,https://ksa.athgadlang.com/insights/why-saudi-arabia-is-becoming-the-new-global-magnet-for-talent,Insight article,Why Saudi Arabia Is Becoming the New Global Magnet for Talent | Wathiq,70,"For decades, global talent moved toward traditional economic hubs such as London, New York, and Singapore. Today, a new destination is rapidly emerging as a center for skilled professionals…",190,Why Saudi Arabia Is Becoming the New Global Magnet for Talent,https://ksa.athgadlang.com/insights/why-saudi-arabia-is-becoming-the-new-global-magnet-for-talent,https://images.unsplash.com/photo-1460925895917-afdab827c52f?auto=format&fit=crop&q=80&w=1400,title too long (70); description too long (190),Why Saudi Arabia Is a Global Talent Magnet | Wathiq,"For decades, global talent moved toward hubs like London, New York and Singapore. Today, a new destination is rapidly joining that shortlist."
Saudi Arabia,https://ksa.athgadlang.com/insights/employees-secretly-using-ai-across-the-gcc,Insight article,Employees Secretly Using AI Across the GCC | Wathiq,51,Artificial intelligence is officially being adopted across the GCC. Governments are investing in it. Corporations are announcing AI strategies. Executives are discussing transformation…,185,Employees Secretly Using AI Across the GCC,https://ksa.athgadlang.com/insights/employees-secretly-using-ai-across-the-gcc,https://images.unsplash.com/photo-1507679799987-c73779587ccf?auto=format&fit=crop&q=80&w=1400,description too long (185),,"Governments are investing in AI. Corporations are announcing strategies. But across the GCC, employees are already using it, quietly, on their own."
Saudi Arabia,https://ksa.athgadlang.com/insights/saudi-arabia-mineral-gambit,Insight article,Saudi Arabia Mineral Gambit | Wathiq,36,The Kingdom just revalued its estimated in-situ mineral resource base to $2.5 trillion and set its sights on becoming a critical minerals superpower. Six hard-won lessons every government…,188,Saudi Arabia Mineral Gambit,https://ksa.athgadlang.com/insights/saudi-arabia-mineral-gambit,https://images.unsplash.com/photo-1460925895917-afdab827c52f?auto=format&fit=crop&q=80&w=1400,description too long (188),,"The Kingdom just revalued its mineral resource base to $2.5 trillion, aiming to become a critical minerals superpower. Here's what that really takes."
Saudi Arabia,https://ksa.athgadlang.com/insights/saudi-arabia-s-budget-deficit-widens-in-late-2025,Insight article,Saudi Arabia’s Budget Deficit Widens in Late 2025 | Wathiq,58,"Saudi Arabia ended 2025 with a bigger budget deficit than expected. In the fourth quarter, the deficit reached 94.85 billion riyals, or about $25.28 billion. In the third quarter, it was…",187,Saudi Arabia’s Budget Deficit Widens in Late 2025,https://ksa.athgadlang.com/insights/saudi-arabia-s-budget-deficit-widens-in-late-2025,https://images.unsplash.com/photo-1507679799987-c73779587ccf?auto=format&fit=crop&q=80&w=1400,description too long (187),,"Saudi Arabia ended 2025 with a wider budget deficit than expected, reaching 94.85 billion riyals ($25.28 billion) in the fourth quarter alone. Here's why."
Saudi Arabia,https://ksa.athgadlang.com/insights/the-execution-phase-of-vision-2030,Insight article,The Execution Phase of Vision 2030 | Wathiq,43,"The first phase-built plans, projects, and reforms, but the next five years will test execution, accountability, and resilience.",128,The Execution Phase of Vision 2030,https://ksa.athgadlang.com/insights/the-execution-phase-of-vision-2030,https://images.unsplash.com/photo-1543286386-713bdd548da4?auto=format&fit=crop&q=80&w=1400,OK,,
Saudi Arabia,https://ksa.athgadlang.com/insights/where-are-all-these-dates-in-saudia-coming-from,Insight article,Where Are All These Dates in Saudia Coming From | Wathiq,56,Why are the Dates in Saudi Arabia not ending?,45,Where Are All These Dates in Saudia Coming From,https://ksa.athgadlang.com/insights/where-are-all-these-dates-in-saudia-coming-from,https://images.unsplash.com/photo-1450101499163-c8848c66ca85?auto=format&fit=crop&q=80&w=1400,description short (45),,"Saudi Arabia grows an astonishing volume of dates each year. Here's where they all come from, and why the harvest never seems to run out."
Saudi Arabia,https://ksa.athgadlang.com/insights/saudi-arabia,Insight article,Saudi Arabia | Wathiq,21,"Saudi Arabia is changing, but not in the way most outside observers describe it. The most significant transformation is not taking place through megaprojects, policy announcements, or media…",190,Saudi Arabia,https://ksa.athgadlang.com/insights/saudi-arabia,https://images.unsplash.com/photo-1521791136064-7986c2920216?auto=format&fit=crop&q=80&w=1400,title short (21); description too long (190),The Real Story Behind Saudi Arabia's Change | Wathiq,"Saudi Arabia is changing, but not the way most outside observers describe it. The real transformation isn't happening in megaprojects or headlines."
Saudi Arabia,https://ksa.athgadlang.com/insights/why-us-companies-are-freezing-hiring-while-productivity-is-rising,Insight article,Why US Companies Are Freezing Hiring While Productivity is Rising | Wathiq,74,At first glance the US job market appears resilient. Headline employment numbers remain strong and corporate earnings continue to show stability. Yet beneath the surface many US companies…,188,Why US Companies Are Freezing Hiring While Productivity is Rising,https://ksa.athgadlang.com/insights/why-us-companies-are-freezing-hiring-while-productivity-is-rising,https://images.unsplash.com/photo-1551288049-bebda4e38f71?auto=format&fit=crop&q=80&w=1400,title too long (74); description too long (188),US Hiring Freezes as Productivity Rises | Wathiq,"At first glance, the US job market looks resilient: strong headline numbers, stable earnings. But beneath the surface, hiring has quietly stalled."
Saudi Arabia,https://ksa.athgadlang.com/insights/why-ai-is-quietly-reshaping-entry,Insight article,Why AI Is Quietly Reshaping Entry | Wathiq,42,"Artificial intelligence is no longer a distant concept for businesses in the GCC. It is already transforming how work is done, particularly in entry-level and junior roles. Across the UAE…",188,Why AI Is Quietly Reshaping Entry,https://ksa.athgadlang.com/insights/why-ai-is-quietly-reshaping-entry,https://images.unsplash.com/photo-1512453979798-5ea266f8880c?auto=format&fit=crop&q=80&w=1400,description too long (188),,"AI is no longer a distant concept for GCC businesses. It's already reshaping entry-level and junior roles across the region, and fast."
Saudi Arabia,https://ksa.athgadlang.com/insights/industries-emerging-in-saudi-arabia-under-the-vision-2030,Insight article,Industries emerging in Saudi Arabia under the Vision 2030 | Wathiq,66,You must already know that Saudi Arabia’s Vision 2030 is more than a plan; It is a transformation. The country is working hard to diversify its economy away from oil and build new sectors…,188,Industries emerging in Saudi Arabia under the Vision 2030,https://ksa.athgadlang.com/insights/industries-emerging-in-saudi-arabia-under-the-vision-2030,https://images.unsplash.com/photo-1454165804606-c3d57bc86b40?auto=format&fit=crop&q=80&w=1400,title too long (66); description too long (188),Industries Emerging Under Saudi Vision 2030 | Wathiq,"Saudi Arabia's Vision 2030 is more than a plan, it's a transformation. The country is diversifying its economy and building entirely new sectors."
Saudi Arabia,https://ksa.athgadlang.com/insights/mega-projects-esg-expectations-around-neom,Insight article,Mega Projects - ESG Expectations Around NEOM | Wathiq,53,"Saudi Arabia’s Vision 2030 has reshaped how national development is imagined and executed. At the center of this transformation are giga projects, large-scale initiatives designed to…",183,Mega Projects - ESG Expectations Around NEOM,https://ksa.athgadlang.com/insights/mega-projects-esg-expectations-around-neom,https://images.unsplash.com/photo-1554224155-6726b3ff858f?auto=format&fit=crop&q=80&w=1400,description too long (183),,"Saudi Arabia's Vision 2030 has reshaped how national development is imagined. At its center are giga projects, large-scale initiatives with real ESG stakes."
Saudi Arabia,https://ksa.athgadlang.com/insights/whats-driving-the-saudi-arabia-s-tourism-surge,Insight article,Whats Driving the Saudi Arabia’s Tourism Surge | Wathiq,55,What’s Driving Saudi Arabia’s Tourism Surge?,44,Whats Driving the Saudi Arabia’s Tourism Surge,https://ksa.athgadlang.com/insights/whats-driving-the-saudi-arabia-s-tourism-surge,https://images.unsplash.com/photo-1512453979798-5ea266f8880c?auto=format&fit=crop&q=80&w=1400,description short (44),,"Saudi Arabia's tourism numbers are climbing fast. Here's a look at what's fueling the surge, from mega-events to a rapidly shifting global perception."
Saudi Arabia,https://ksa.athgadlang.com/insights/saudi-arabia-throws-open-its-financial-doors-for-global-markets,Insight article,Saudi Arabia Throws Open Its Financial Doors for Global Markets | Wathiq,72,"Saudi Arabia has taken a historic step that could reshape its role in the global financial system. By opening its capital market to all categories of foreign investors, the Kingdom has…",185,Saudi Arabia Throws Open Its Financial Doors for Global Markets,https://ksa.athgadlang.com/insights/saudi-arabia-throws-open-its-financial-doors-for-global-markets,https://images.unsplash.com/photo-1589829545856-d10d557cf95f?auto=format&fit=crop&q=80&w=1400,title too long (72); description too long (185),Saudi Arabia's Financial Doors Are Open | Wathiq,"Saudi Arabia has taken a historic step that could reshape its role in global finance, opening its capital market fully to foreign investors."
United Kingdom,https://uk.athgadlang.com/,Homepage,"athGADLANG — Audit, Tax, Accounting and Advisory in the UK",58,"athGADLANG is an audit, tax and advisory firm in the UK. Statutory audit, corporate tax, VAT, company formation and outsourced finance for growing businesses.",158,Clarity in the numbers. Confidence in every decision.,https://uk.athgadlang.com,(none),no social share image,,
United Kingdom,https://uk.athgadlang.com/services,services,Services | athGADLANG,21,"Assurance, accounting, tax, resourcing, consulting, corporate services and asset management from athGADLANG, across the UAE, KSA, Bahrain, the UK and Pakistan.",159,"Every practice area, one accountable team.",https://uk.athgadlang.com/services,https://images.unsplash.com/photo-1560264280-88b68371db39?auto=format&fit=crop&q=80&w=2400,title short (21),Assurance & Consulting Services in the UK | athGADLANG,
United Kingdom,https://uk.athgadlang.com/insights,insights,Insights | athGADLANG,21,"Regulatory updates, technical guidance and expert analysis on tax, audit, compliance and company formation across the UAE, KSA, Bahrain, the UK and Pakistan.",157,Perspectives that keep you ahead of the regulation.,https://uk.athgadlang.com/insights,https://images.unsplash.com/photo-1504711434969-e33886168f5c?auto=format&fit=crop&q=80&w=2400,title short (21),"Tax, Audit & Compliance Insights in the UK | athGADLANG",
United Kingdom,https://uk.athgadlang.com/webinars,webinars,Webinars | athGADLANG,21,"On-demand sessions on tax, audit, compliance and business setup, hosted by the athGADLANG specialists who advise on them day to day.",132,Sit in on the sessions our clients ask for.,https://uk.athgadlang.com/webinars,https://images.unsplash.com/photo-1531058020387-3be344556be6?auto=format&fit=crop&q=80&w=2400,title short (21),"Tax, Audit & Compliance Webinars in the UK | athGADLANG",
United Kingdom,https://uk.athgadlang.com/events,events,Events | athGADLANG,19,"Live webinars and in-person seminars on tax, audit, compliance and business setup across the UAE, KSA, Bahrain, the UK and Pakistan — hosted by the athGADLANG specialists who advise on them day to day.",201,Come and ask the questions in person.,https://uk.athgadlang.com/events,https://images.unsplash.com/photo-1540575467063-178a50c2df87?auto=format&fit=crop&q=80&w=2400,title short (19); description too long (201),"Tax, Audit & Compliance Events in the UK | athGADLANG","Live webinars and seminars on tax, audit and business setup, hosted by the athGADLANG specialists who advise on them day to day."
United Kingdom,https://uk.athgadlang.com/company-profile,company-profile,About Us | athGADLANG,21,"athGADLANG helps businesses navigate complexity with confidence — tax strategy, consulting, assurance and accounting across the UAE, KSA, Bahrain, the UK and Pakistan.",167,A partner for the decisions that carry weight.,https://uk.athgadlang.com,(none),title short (21); description too long (167); no social share image,About athGADLANG | Tax & Advisory,"athGADLANG helps businesses navigate complexity, tax strategy, consulting, assurance and accounting across the UAE, KSA, Bahrain, the UK and Pakistan."
United Kingdom,https://uk.athgadlang.com/privacy-policy,privacy-policy,Privacy Policy | athGADLANG,27,"What personal information athGADLANG collects through this website, how it is used, and the choices available to you.",117,Privacy Policy,https://uk.athgadlang.com/privacy-policy,(none),title short (27); no social share image,Privacy Policy | athGADLANG,
United Kingdom,https://uk.athgadlang.com/terms-of-use,terms-of-use,Terms Of Use | athGADLANG,25,"The terms on which athGADLANG makes this website available, including permitted use, intellectual property and limitation of liability.",135,Terms Of Use,https://uk.athgadlang.com/terms-of-use,(none),title short (25); no social share image,Terms of Use | athGADLANG,
United Kingdom,https://uk.athgadlang.com/legal-information,legal-information,Legal Information | athGADLANG,30,"Important legal information about your use of the athGADLANG website, including warranties, liability and intellectual property.",128,Legal Information,https://uk.athgadlang.com/legal-information,(none),no social share image,,
United Kingdom,https://uk.athgadlang.com/services/assurance,Service,Assurance | athGADLANG,22,"At athGADLANG, we offer strategic assurance solutions that go beyond traditional audits to provide actionable insights, strengthen controls, and mitigate risks in a complex business landscape. Our services deliver confidence in your financials, operations, and compliance, positioning you for sustainable growth and resilience.",327,Assurance,https://uk.athgadlang.com,(none),title short (22); description too long (327); no social share image,Assurance & Audit Services in the UK | athGADLANG,"athGADLANG's assurance services go beyond audits, strengthening controls, managing risk and building confidence in your financials and operations."
United Kingdom,https://uk.athgadlang.com/services/accounting,Service,Accounting | athGADLANG,23,We understand that accounting is an area that no business can compromise on. Our team of accounting experts ensures that your stakeholders can use the most accurate and up-to-date records for day-to-day operations and decision-making purposes.,243,Accounting,https://uk.athgadlang.com,(none),title short (23); description too long (243); no social share image,Accounting & Bookkeeping Services in the UK | athGADLANG,"athGADLANG's accounting experts deliver accurate, up-to-date records, so your team can make decisions with confidence, every single day."
United Kingdom,https://uk.athgadlang.com/services/tax,Service,Tax | athGADLANG,16,"At athGADLANG, we provide specialized tax services tailored to the UAE's evolving landscape, including the new Corporate Tax regime, ensuring compliance, optimization, and strategic tax planning for businesses operating in this dynamic hub. Our expert-driven solutions help you navigate federal and emirate-specific requirements with precision and foresight.",358,Tax,https://uk.athgadlang.com,(none),title short (16); description too long (358); no social share image,Tax Services in the UK | athGADLANG,"athGADLANG's tax services help UK businesses navigate HMRC compliance, corporate tax and VAT, with strategic planning built for precision and foresight."
United Kingdom,https://uk.athgadlang.com/services/resourcing,Service,Resourcing | athGADLANG,23,"At athGADLANG, we provide flexible, expert-driven resourcing solutions that help businesses adapt, scale, and perform in a dynamic environment. Our services are designed to ensure you have the right talent, capabilities, and support, exactly when you need them.",261,Resourcing,https://uk.athgadlang.com,(none),title short (23); description too long (261); no social share image,Resourcing & Talent Solutions in the UK | athGADLANG,"athGADLANG delivers flexible resourcing solutions that help businesses adapt and scale, the right talent and support, exactly when you need it."
United Kingdom,https://uk.athgadlang.com/services/business-process-outsourcing,Service,Business Process Outsourcing (BPO) | athGADLANG,47,"Optimize your operations, reduce costs, and enhance efficiency with our Business Process Outsourcing (BPO) solutions. At aG Resources, we provide industry-specific outsourcing services, allowing businesses to delegate non-core functions while maintaining control and quality. Whether you need financial experts, customer support teams, or back-office specialists, our tailored BPO solutions help you scale faster and operate smarter.",433,Business Process Outsourcing (BPO),https://uk.athgadlang.com,(none),description too long (433); no social share image,,"aG Resources' BPO solutions help you delegate non-core functions, financial, customer support and back-office, while you scale faster and operate smarter."
United Kingdom,https://uk.athgadlang.com/services/talent-acquisition,Service,Talent Acquisition | athGADLANG,31,"Finding the right talent is more than just filling positions — it's about securing professionals who drive success. At aG Resources, we act as your dedicated offsite recruitment partner, connecting you with top-tier candidates across industries. Whether you need junior staff or C-suite executives, our strategic hiring solutions ensure you find the perfect fit for your organization.",384,Talent Acquisition,https://uk.athgadlang.com,(none),description too long (384); no social share image,,"aG Resources' strategic hiring solutions connect you with top-tier talent across industries, from junior staff to C-suite, wherever you're growing."
United Kingdom,https://uk.athgadlang.com/services/remote-workforce-solutions,Service,Remote Workforce Solutions | athGADLANG,39,"Access top talent without overhead. At aG Resources, we provide dedicated remote professionals under a secondment model, ensuring you get the expertise you need while we manage payroll, administration, and infrastructure. Whether you require short-term specialists or long-term dedicated resources, our remote workforce solutions help you scale efficiently without compromising on quality.",389,Remote Workforce Solutions,https://uk.athgadlang.com,(none),description too long (389); no social share image,,"aG Resources provides dedicated remote professionals under a secondment model, we manage payroll and infrastructure, you get the expertise."
United Kingdom,https://uk.athgadlang.com/services/consulting,Service,Consulting | athGADLANG,23,"At athGADLANG, we help businesses navigate complexity, unlock opportunities, and achieve sustainable growth. Our consulting services combine deep industry expertise with practical insights to support better decision-making across all areas of your organization.",261,Consulting,https://uk.athgadlang.com,(none),title short (23); description too long (261); no social share image,Consulting Services in the UK | athGADLANG,"athGADLANG's consulting services combine deep industry expertise with practical insights, helping you unlock opportunities and achieve sustainable growth."
United Kingdom,https://uk.athgadlang.com/services/corporate-services,Service,Corporate Services | athGADLANG,31,"At aG Corporate Services, we simplify the entire UAE company formation process – from selecting the right jurisdiction to getting your trade license, visas, and bank account ready.",180,Corporate Services,https://uk.athgadlang.com,(none),description too long (180); no social share image,,"aG Corporate Services simplifies UK company formation, from choosing the right structure to registration, licensing and banking setup."
United Kingdom,https://uk.athgadlang.com/services/fixed-asset-inventory-management,Service,Fixed Asset & Inventory Management | athGADLANG,47,"At athGADLANG, we deliver expert-led fixed assets and inventory management solutions that empower businesses to maintain accuracy, compliance, and efficiency in their asset lifecycle. Our services ensure precise tracking, valuation, and optimization of fixed assets and inventory, minimizing risks and supporting informed decision-making in dynamic environments.",362,Fixed Asset & Inventory Management,https://uk.athgadlang.com,(none),description too long (362); no social share image,,"athGADLANG's fixed asset and inventory management solutions ensure accurate tracking, valuation and compliance, minimizing risk in dynamic environments."
United Kingdom,https://uk.athgadlang.com/about/leadership/arshad-gadit,About,Arshad Gadit — Partner & Global CEO | athGADLANG,48,"Arshad is our Global CEO, Head of Public Relations & Partner. He has over 2 decades of firm experience in Europe, South East Asia and Middle East. Prior to joining athGADLANG, Arshad has led the audit practice at BDO Bahrain as an Assurance and Business Advisory Partner.",271,Arshad Gadit,https://uk.athgadlang.com,(none),description too long (271); no social share image,,"Arshad Gadit, athGADLANG's Global CEO, brings two decades of audit and advisory experience, including leading BDO Bahrain's audit practice."
United Kingdom,https://uk.athgadlang.com/about/leadership/usman-alam,About,Usman Alam — Partner — Assurance & Compliance | athGADLANG,58,"Usman is a seasoned professional who has spent over 17 years serving clients across various industries with Assurance, Financial Planning, Business Advisory, Financial Reporting, and Compliance services. He has worked with some of the top firms in the industry, including PWC and KPMG, and is a Fellow Chartered Accountant from the Institute of Chartered Accountants of England and Wales (ICAEW).",396,Usman Alam,https://uk.athgadlang.com,(none),description too long (396); no social share image,,"Usman Alam is a Partner at athGADLANG with 17+ years in Assurance and Compliance, including roles at PwC and KPMG. Fellow Chartered Accountant, ICAEW."
United Kingdom,https://uk.athgadlang.com/about/leadership/yasir-gadit,About,Yasir Gadit — Partner — Consulting | athGADLANG,47,"Yasir is our leader for the Consulting division. He is a Fellow Chartered Accountant from the Institute of Chartered Accountants of Pakistan (ICAP). With more than 19 years of experience, Yasir is passionate adding value to our clients, and is a huge cricket enthusiast.",270,Yasir Gadit,https://uk.athgadlang.com,(none),description too long (270); no social share image,,Yasir Gadit leads athGADLANG's Consulting division. A Fellow Chartered Accountant (ICAP) with 19+ years of experience adding value for clients.
United Kingdom,https://uk.athgadlang.com/about/leadership/abdullah-taimoor,About,Abdullah Taimoor — Partner — Fixed Asset & Inventory Management | athGADLANG,76,"Abdullah Taimoor is a distinguished finance professional with over 18 years of experience, including a tenure as an external auditor at PwC, where he audited leading banks, funds, and insurance companies. He holds an MBA in Finance and is a certified ACCA, bringing deep expertise in auditing, financial reporting, and operational risk management.",347,Abdullah Taimoor,https://uk.athgadlang.com,(none),title too long (76); description too long (347); no social share image,"Abdullah Taimoor — Partner, FAIM | athGADLANG","18+ years in finance and auditing, including PwC. Abdullah Taimoor is athGADLANG's Partner for Fixed Asset & Inventory Management, MBA, ACCA."
United Kingdom,https://uk.athgadlang.com/about/leadership/arslan-mushtaq,About,Arslan Mushtaq — Partner — Tax | athGADLANG,43,"Arslan leads the team at our Tax division. His experience spans over 19 years of post qualification tenure in VAT, Audit Assurance and Internal Audit working at PwC, KPMG and FRHI in the UK and UAE.",198,Arslan Mushtaq,https://uk.athgadlang.com,(none),description too long (198); no social share image,,"Arslan Mushtaq leads athGADLANG's Tax division, 19+ years in VAT, Audit and Internal Audit at PwC, KPMG and FRHI, across the UK and UAE."
United Kingdom,https://uk.athgadlang.com/about/leadership/abdul-aziz-lang,About,Abdul Aziz Lang — Partner — Strategy | athGADLANG,49,"Abdul Aziz Lang is one of the most senior partners of the firm, with more than three decades of experience in Consulting, Corporate Finance, and Strategy. Abdul Aziz is a fellow member of the Institute of Chartered Accountants of Pakistan, Institute of Cost and Management Accountants, Institute of Corporate Secretaries, and a Certified Strategic Management Master.",366,Abdul Aziz Lang,https://uk.athgadlang.com,(none),description too long (366); no social share image,,"Abdul Aziz Lang is one of athGADLANG's most senior partners, 30+ years in Consulting, Corporate Finance and Strategy, and a Fellow Chartered Accountant."
United Kingdom,https://uk.athgadlang.com/about/leadership/saqib-nisar,About,Saqib Nisar — Managing Partner | athGADLANG,43,"Saqib Nisar has over 25 years of experience in the field of investigations, contract reviews, financial crime, AML and sanctions assessments, audit, accounting, forensics, and related services. He has worked in a range of industries, including construction, logistics, trading and contracting services, and oil & gas sectors.",325,Saqib Nisar,https://uk.athgadlang.com,(none),description too long (325); no social share image,,"Saqib Nisar, athGADLANG's Managing Partner, brings 25+ years in financial crime, AML, sanctions assessments and forensic investigations."
United Kingdom,https://uk.athgadlang.com/about/leadership/haziq-neshat-akhtar,About,"Haziq Neshat Akhtar — Partner — Risk, Financial Crimes & Transaction Advisory | athGADLANG",90,"Haziq Neshat Akhtar leads the Advisory division at athGADLANG & WATHIQ. With over 16 years of experience, he specializes in risk management, forensic audits, corporate advisory, and financial consulting.",203,Haziq Neshat Akhtar,https://uk.athgadlang.com,(none),title too long (90); description too long (203); no social share image,"Haziq N. Akhtar — Partner, Risk Advisory | athGADLANG","Haziq Neshat Akhtar leads athGADLANG and Wathiq's Advisory division, specializing in risk management, forensic audits and corporate advisory."
United Kingdom,https://uk.athgadlang.com/about/leadership/osman-babar,About,Osman Babar — Partner — BPO Services | athGADLANG,49,"Osman is our Partner of Business Process Outsourcing (BPO) Services and a fellow member of the Institute of Chartered Accountants of Pakistan. He is a determined, highly motivated, and skilled professional with more than 22 years of experience.",244,Osman Babar,https://uk.athgadlang.com,(none),description too long (244); no social share image,,"Osman Babar is athGADLANG's Partner for BPO Services, a Fellow of the Institute of Chartered Accountants of Pakistan, with 22+ years of experience."
United Kingdom,https://uk.athgadlang.com/about/leadership/sikandar-gadit,About,Sikandar Gadit — Partner & Chief Operating Officer | athGADLANG,63,"Sikander Abdul Rehman Gadit is the COO at athGADLANG & WATHIQ, with over 25 years of international experience across the UAE, KSA, Bahrain, and Pakistan. He specializes in business operations, growth strategy, and market expansion, helping organizations build scalable and efficient operating models.",300,Sikandar Gadit,https://uk.athgadlang.com,(none),title too long (63); description too long (300); no social share image,"Sikandar Gadit, Partner & COO | athGADLANG","Sikandar Gadit, athGADLANG and Wathiq's COO, brings 25+ years across the UAE, KSA, Bahrain and Pakistan in operations and growth strategy."
United Kingdom,https://uk.athgadlang.com/about/leadership/khushboo-mushtaq,About,Khushboo Mushtaq — Director — Financial Accounting & Advisory Services (FAAS) | athGADLANG,90,A Chartered Accountant from Institute of Chartered Accountants of Pakistan. Khushboo's experience spans across a spectrum of verticals in more than one country and has a strong grip on IFRS.,190,Khushboo Mushtaq,https://uk.athgadlang.com,(none),title too long (90); description too long (190); no social share image,"Khushboo Mushtaq — Director, FAAS | athGADLANG","Khushboo Mushtaq, athGADLANG's FAAS Director, is a Chartered Accountant (ICAP) with strong IFRS expertise across multiple countries."
United Kingdom,https://uk.athgadlang.com/insights/is-the-four,Insight article,Is the Four | athGADLANG,24,"For decades, the five-day work week was considered the standard for businesses around the world. Productivity was often measured by the number of hours employees spent at their desks rather…",190,Is the Four,https://uk.athgadlang.com/insights/is-the-four,https://images.unsplash.com/photo-1554224155-6726b3ff858f?auto=format&fit=crop&q=80&w=1400,title short (24); description too long (190),Is the Four-Day Work Week Finally Here? | athGADLANG,"For decades, the five-day work week was the standard everywhere. Productivity was measured by hours at a desk, not results. That's starting to shift."
United Kingdom,https://uk.athgadlang.com/insights/ai-will-take-every-job-you-can-fully-describe-that-is-the-good-news,Insight article,AI Will Take Every Job You Can Fully Describe. That Is the Good News. | athGADLANG,82,"In 2026, AI writes the code, answers the customers, and clears the desks.",73,AI Will Take Every Job You Can Fully Describe. That Is the Good News.,https://uk.athgadlang.com/insights/ai-will-take-every-job-you-can-fully-describe-that-is-the-good-news,https://images.unsplash.com/photo-1512453979798-5ea266f8880c?auto=format&fit=crop&q=80&w=1400,title too long (82),AI Will Take Every Job You Can Describe | athGADLANG,
United Kingdom,https://uk.athgadlang.com/insights/harry-potter-made-uk,Insight article,Harry Potter made UK | athGADLANG,33,Did Harry Potter Make Britain More Magical... or Just More Expensive?,69,Harry Potter made UK,https://uk.athgadlang.com/insights/harry-potter-made-uk,https://images.unsplash.com/photo-1554224155-6726b3ff858f?auto=format&fit=crop&q=80&w=1400,description short (69),,"Harry Potter turned parts of Britain into pilgrimage sites for millions of fans. Magical for tourism, certainly. Affordable for locals, less so."
United Kingdom,https://uk.athgadlang.com/insights/immigrants-driving-taxis-in-uk,Insight article,Immigrants driving Taxis in UK | athGADLANG,43,Why Are So Many Immigrants Driving Taxis in the UK?,51,Immigrants driving Taxis in UK,https://uk.athgadlang.com/insights/immigrants-driving-taxis-in-uk,https://images.unsplash.com/photo-1454165804606-c3d57bc86b40?auto=format&fit=crop&q=80&w=1400,description short (51),,"Across the UK, a striking share of taxi drivers are immigrants. Here's what that says about the labor market, not about who's behind the wheel."
United Kingdom,https://uk.athgadlang.com/insights/big-news-for-uk-small-businesses,Insight article,Big News for UK Small Businesses | athGADLANG,45,"Small business owners across the UK have a reason to celebrate. The government just announced its biggest shake-up of business finance in years, with billions of pounds set to flow into…",186,Big News for UK Small Businesses,https://uk.athgadlang.com/insights/big-news-for-uk-small-businesses,https://images.unsplash.com/photo-1589829545856-d10d557cf95f?auto=format&fit=crop&q=80&w=1400,description too long (186),,Small business owners across the UK have reason to celebrate. The government just announced its biggest shake-up of business finance in years yet.
United Kingdom,https://uk.athgadlang.com/insights/appfolio-automates-property-management-yet-cannot-do-your-bookkeeping,Insight article,AppFolio Automates Property Management Yet Cannot Do Your Bookkeeping | athGADLANG,82,"If your property management firm uses AppFolio, you are already ahead of many businesses.",89,AppFolio Automates Property Management Yet Cannot Do Your Bookkeeping,https://uk.athgadlang.com/insights/appfolio-automates-property-management-yet-cannot-do-your-bookkeeping,https://images.unsplash.com/photo-1554774853-aae0a22c8aa4?auto=format&fit=crop&q=80&w=1400,title too long (82),"AppFolio Automates PM, Not Bookkeeping | athGADLANG",
United Kingdom,https://uk.athgadlang.com/insights/yardi-is-not-replacing-your-property-management-accountant,Insight article,Yardi Is Not Replacing Your Property Management Accountant | athGADLANG,71,"If your property management firm uses Yardi, you already know how powerful the platform can be.",95,Yardi Is Not Replacing Your Property Management Accountant,https://uk.athgadlang.com/insights/yardi-is-not-replacing-your-property-management-accountant,https://images.unsplash.com/photo-1450101499163-c8848c66ca85?auto=format&fit=crop&q=80&w=1400,title too long (71),Yardi Isn't Replacing Your PM Accountant | athGADLANG,
United Kingdom,https://uk.athgadlang.com/insights/the-great-fire-of-london-1666-and-the-birth-of-urban-risk-thinking,Insight article,The Great Fire of London (1666) and the Birth of Urban Risk Thinking | athGADLANG,81,"The Great Fire of London in 1666 is often remembered as one of the most destructive urban disasters in British history. In just four days, a large part of the medieval city was reduced to…",188,The Great Fire of London (1666) and the Birth of Urban Risk Thinking,https://uk.athgadlang.com/insights/the-great-fire-of-london-1666-and-the-birth-of-urban-risk-thinking,https://images.unsplash.com/photo-1507679799987-c73779587ccf?auto=format&fit=crop&q=80&w=1400,title too long (81); description too long (188),The Great Fire of London and Urban Risk | athGADLANG,"The Great Fire of London in 1666 remains one of the most destructive urban disasters in British history. In four days, the medieval city was gone."
United Kingdom,https://uk.athgadlang.com/insights/coffee-shops-sell-productivity-chai-dhabas-sell-community,Insight article,Coffee Shops Sell Productivity. Chai Dhabas Sell Community. | athGADLANG,72,Walk through any major UK city today and you will find no shortage of coffee shops. From independent cafés tucked away on high streets to international chains occupying prime city-centre…,187,Coffee Shops Sell Productivity. Chai Dhabas Sell Community.,https://uk.athgadlang.com/insights/coffee-shops-sell-productivity-chai-dhabas-sell-community,https://images.unsplash.com/photo-1543286386-713bdd548da4?auto=format&fit=crop&q=80&w=1400,title too long (72); description too long (187),What Coffee Shops and Chai Dhabas Sell | athGADLANG,"Walk through any UK city and you'll find no shortage of coffee shops, from independent cafes to international chains on every high street corner."
United Kingdom,https://uk.athgadlang.com/insights/software-is-not-fixing-your-accounting-problems,Insight article,Software Is Not Fixing Your Accounting Problems | athGADLANG,60,"Many property management firms believe the answer to accounting challenges is a better software platform. So, they upgrade. They move to AppFolio, Yardi, Buildium, Rent Manager, or another…",189,Software Is Not Fixing Your Accounting Problems,https://uk.athgadlang.com/insights/software-is-not-fixing-your-accounting-problems,https://images.unsplash.com/photo-1460925895917-afdab827c52f?auto=format&fit=crop&q=80&w=1400,description too long (189),,"Many property management firms think better software fixes accounting problems. They upgrade to AppFolio, Yardi or Buildium, and the problems stay."
United Kingdom,https://uk.athgadlang.com/insights/coworker-you-ve-known-for-months,Insight article,Coworker You've Known for Months | athGADLANG,45,The Coworker You've Known for Months Might Still Be a Stranger,62,Coworker You've Known for Months,https://uk.athgadlang.com/insights/coworker-you-ve-known-for-months,https://images.unsplash.com/photo-1552581234-26160f608093?auto=format&fit=crop&q=80&w=1400,description short (62),,"You've shared a desk, meetings, maybe lunch, for months now. But how much do you actually know about the person sitting right next to you?"
United Kingdom,https://uk.athgadlang.com/insights/britian-sleepy-weepy-dreepy,Insight article,Britian Sleepy weepy dreepy | athGADLANG,40,"Every night, thousands of British people fall asleep to a weather report for the sea.",85,Britian Sleepy weepy dreepy,https://uk.athgadlang.com/insights/britian-sleepy-weepy-dreepy,https://images.unsplash.com/photo-1521791136064-7986c2920216?auto=format&fit=crop&q=80&w=1400,OK,,
United Kingdom,https://uk.athgadlang.com/insights/firms-lose-clients-over-accounting,Insight article,Firms Lose Clients Over Accounting | athGADLANG,47,"Most property management firms believe they lose clients because of maintenance issues, tenant complaints, or operational mistakes.",131,Firms Lose Clients Over Accounting,https://uk.athgadlang.com/insights/firms-lose-clients-over-accounting,https://images.unsplash.com/photo-1507679799987-c73779587ccf?auto=format&fit=crop&q=80&w=1400,OK,,
United Kingdom,https://uk.athgadlang.com/insights/the-intruder-who-made-it-to-the-queen-s-bedside,Insight article,The Intruder Who Made It to the Queen's Bedside | athGADLANG,60,"Most people can only dream of visiting Buckingham Palace. Michael Fagan did something far more unbelievable. In July 1982, he broke into the palace, wandered through the building, and ended…",190,The Intruder Who Made It to the Queen's Bedside,https://uk.athgadlang.com/insights/the-intruder-who-made-it-to-the-queen-s-bedside,https://images.unsplash.com/photo-1551288049-bebda4e38f71?auto=format&fit=crop&q=80&w=1400,description too long (190),,"Most people can only dream of visiting Buckingham Palace. In July 1982, Michael Fagan did something far more unbelievable: he broke right in."
United Kingdom,https://uk.athgadlang.com/insights/your-next-property-management-hire-might-not-need-to-be-a-hire-at-all,Insight article,Your Next Property Management Hire Might Not Need to Be a Hire at All | athGADLANG,82,"If you run a property management firm in North America, chances are you have faced this situation. Your portfolio grows. Reporting takes longer. Owner statements start piling up. Month-end…",189,Your Next Property Management Hire Might Not Need to Be a Hire at All,https://uk.athgadlang.com/insights/your-next-property-management-hire-might-not-need-to-be-a-hire-at-all,https://images.unsplash.com/photo-1543286386-713bdd548da4?auto=format&fit=crop&q=80&w=1400,title too long (82); description too long (189),Your Next PM Hire Might Not Be a Hire | athGADLANG,"If you run a property management firm in North America, you've likely faced this: portfolio growth, slower reporting, harder month-ends."
United Kingdom,https://uk.athgadlang.com/insights/the-property-management-firms-winning-in-north-america-are-not-building-bigger-a,Insight article,The Property Management Firms Winning in North America Are Not Building Bigger Accounting Teams | athGADLANG,108,"Across North America, property management firms are growing aggressively. More units are being added. More owners are being onboarded. More properties are entering portfolios every month.",187,The Property Management Firms Winning in North America Are Not Building Bigger Accounting Teams,https://uk.athgadlang.com/insights/the-property-management-firms-winning-in-north-america-are-not-building-bigger-a,https://images.unsplash.com/photo-1552581234-26160f608093?auto=format&fit=crop&q=80&w=1400,title too long (108); description too long (187),Why Top PM Firms Skip Bigger Accounting Teams | athGADLANG,"Across North America, property management firms are growing fast, more units, more owners, more properties. But headcount isn't the growth strategy."
United Kingdom,https://uk.athgadlang.com/insights/property-management-firms-in-north-america-are-rapidly-outsourcing-accounting-an,Insight article,Property Management Firms in North America Are Rapidly Outsourcing Accounting and Bookkeeping | athGADLANG,106,"If you run a property management firm in North America, you have probably noticed something. Accounting and bookkeeping are taking up more time than they used to.",162,Property Management Firms in North America Are Rapidly Outsourcing Accounting and Bookkeeping,https://uk.athgadlang.com/insights/property-management-firms-in-north-america-are-rapidly-outsourcing-accounting-an,https://images.unsplash.com/photo-1521791136064-7986c2920216?auto=format&fit=crop&q=80&w=1400,title too long (106); description too long (162),PM Firms Are Rapidly Outsourcing Accounting | athGADLANG,"If you run a property management firm in North America, you've probably noticed something. Accounting and bookkeeping take up more time than they used to."
United Kingdom,https://uk.athgadlang.com/insights/what-top-property-management-firms-in-north-america-do-differently-with-their-ac,Insight article,What Top Property Management Firms in North America Do Differently With Their Accounting | athGADLANG,101,"If you look closely at the fastest-growing property management firms in North America, you will notice something interesting. They are not just better at managing properties. They are…",184,What Top Property Management Firms in North America Do Differently With Their Accounting,https://uk.athgadlang.com/insights/what-top-property-management-firms-in-north-america-do-differently-with-their-ac,https://images.unsplash.com/photo-1551288049-bebda4e38f71?auto=format&fit=crop&q=80&w=1400,title too long (101); description too long (184),What Top Property Management Firms Do | athGADLANG,"Look closely at the fastest-growing property management firms in North America, and you'll notice something. They handle accounting differently."
United Kingdom,https://uk.athgadlang.com/insights/the-hidden-cost-of-in,Insight article,The Hidden Cost of In | athGADLANG,34,"If you run a property management firm in North America, you probably believe that keeping accounting in-house gives you control. It feels safer. It feels familiar. And for many firms, it…",187,The Hidden Cost of In,https://uk.athgadlang.com/insights/the-hidden-cost-of-in,https://images.unsplash.com/photo-1512453979798-5ea266f8880c?auto=format&fit=crop&q=80&w=1400,description too long (187),,"If you run a property management firm in North America, keeping accounting in-house feels safer and more familiar. But it isn't always cheaper."
United Kingdom,https://uk.athgadlang.com/insights/red-flags-your-property-management-accounting-needs-outsourcing-in-north-america,Insight article,Red Flags Your Property Management Accounting Needs Outsourcing in North America | athGADLANG,93,"If you are running a property management firm in North America, you already know this. Managing properties is only half the job. The real pressure often sits behind the scenes in your…",184,Red Flags Your Property Management Accounting Needs Outsourcing in North America,https://uk.athgadlang.com/insights/red-flags-your-property-management-accounting-needs-outsourcing-in-north-america,https://images.unsplash.com/photo-1554224155-6726b3ff858f?auto=format&fit=crop&q=80&w=1400,title too long (93); description too long (184),Red Flags in Property Management Accounting | athGADLANG,Running a property management firm in North America means managing properties is only half the job. These are the signs it's time to outsource accounting.
United Kingdom,https://uk.athgadlang.com/insights/british-weather-mood-swings,Insight article,British Weather Mood Swings | athGADLANG,40,British weather has a very special talent. It knows exactly how to raise your hopes and then ruin your plans with perfect timing.,129,British Weather Mood Swings,https://uk.athgadlang.com/insights/british-weather-mood-swings,https://images.unsplash.com/photo-1460925895917-afdab827c52f?auto=format&fit=crop&q=80&w=1400,OK,,
United Kingdom,https://uk.athgadlang.com/insights/property-management-outsourcing-is-reshaping-real-estate-in-north-america,Insight article,Property Management Outsourcing Is Reshaping Real Estate in North America | athGADLANG,86,"If you are managing properties in North America, you have likely felt it already. Costs are rising, tenant expectations are increasing, and operational complexity is becoming harder to…",185,Property Management Outsourcing Is Reshaping Real Estate in North America,https://uk.athgadlang.com/insights/property-management-outsourcing-is-reshaping-real-estate-in-north-america,https://images.unsplash.com/photo-1454165804606-c3d57bc86b40?auto=format&fit=crop&q=80&w=1400,title too long (86); description too long (185),Property Management Outsourcing Is Growing | athGADLANG,"If you manage properties in North America, you've likely felt it: rising costs, growing expectations, operations getting harder to run alone."
United Kingdom,https://uk.athgadlang.com/insights/the-british-their-tea-and-the-oldest-unspoken-agreement,Insight article,"The British, Their Tea, and the Oldest Unspoken Agreement | athGADLANG",70,Fill the Kettle: The Device That Did Not Volunteer,50,"The British, Their Tea, and the Oldest Unspoken Agreement",https://uk.athgadlang.com/insights/the-british-their-tea-and-the-oldest-unspoken-agreement,https://images.unsplash.com/photo-1507679799987-c73779587ccf?auto=format&fit=crop&q=80&w=1400,title too long (70); description short (50),The British and Their Unspoken Tea Agreement | athGADLANG,"Tea in Britain isn't just a drink, it's a ritual with unwritten rules everyone somehow knows. Who fills the kettle? Nobody agreed, yet everyone follows it."
United Kingdom,https://uk.athgadlang.com/insights/the-mannequin-illusion-why-everything-looks-right-until-it-s-on-you,Insight article,The Mannequin Illusion: Why Everything Looks Right Until It’s On You | athGADLANG,81,"Walk into any retail store and you will notice something almost universal. The mannequin looks flawless. The outfit is balanced, the fit appears perfect, and every element feels…",178,The Mannequin Illusion: Why Everything Looks Right Until It’s On You,https://uk.athgadlang.com/insights/the-mannequin-illusion-why-everything-looks-right-until-it-s-on-you,https://images.unsplash.com/photo-1543286386-713bdd548da4?auto=format&fit=crop&q=80&w=1400,title too long (81); description too long (178),"""The Mannequin Illusion: Looks Right, Isn't | athGADLANG","Walk into any retail store and you'll notice something universal: the mannequin looks flawless, balanced, every element seemingly perfect."
United Kingdom,https://uk.athgadlang.com/insights/victorian-obsessions-that-would-go-viral-on-tiktok-today,Insight article,Victorian Obsessions That Would Go Viral on TikTok Today | athGADLANG,69,"The Victorian era might seem quiet, polite, and a little boring at first glance. People often picture long dresses, strict rules, and very serious faces. But if you look closer, the…",182,Victorian Obsessions That Would Go Viral on TikTok Today,https://uk.athgadlang.com/insights/victorian-obsessions-that-would-go-viral-on-tiktok-today,https://images.unsplash.com/photo-1552581234-26160f608093?auto=format&fit=crop&q=80&w=1400,title too long (69); description too long (182),Victorian Obsessions That'd Go Viral Today | athGADLANG,"The Victorian era seems quiet and polite at first: long dresses, strict rules, serious faces. Look closer, and things get much stranger."
United Kingdom,https://uk.athgadlang.com/insights/fraud-is-the-most-common-crime-in-england,Insight article,Fraud Is the Most Common Crime in England | athGADLANG,54,"If you think pickpockets and burglaries top the list of crimes in England, think again. The reality is more surprising, and a lot more digital.",143,Fraud Is the Most Common Crime in England,https://uk.athgadlang.com/insights/fraud-is-the-most-common-crime-in-england,https://images.unsplash.com/photo-1589829545856-d10d557cf95f?auto=format&fit=crop&q=80&w=1400,OK,,
United Kingdom,https://uk.athgadlang.com/insights/do-not-disturb-why-locking-in-feels-so-powerful-for-uk-women,Insight article,“Do Not Disturb” Why Locking In Feels So Powerful for UK Women | athGADLANG,75,"Picture this. It’s a Friday evening in the UK. Your group chat is buzzing, plans are being made, and normally, you would say yes without thinking twice. But this time, you pause. You switch…",190,“Do Not Disturb” Why Locking In Feels So Powerful for UK Women,https://uk.athgadlang.com/insights/do-not-disturb-why-locking-in-feels-so-powerful-for-uk-women,https://images.unsplash.com/photo-1554774853-aae0a22c8aa4?auto=format&fit=crop&q=80&w=1400,title too long (75); description too long (190),Why 'Locking In' Feels Powerful for UK Women | athGADLANG,"It's a Friday evening in the UK. Your group chat is buzzing, plans forming. Normally you'd say yes without thinking. This time, you switch to Do Not Disturb."
United Kingdom,https://uk.athgadlang.com/insights/harry-potter,Insight article,Harry Potter | athGADLANG,25,Harry Potter Returns: Why the Philosopher’s Stone Title Matters Again,69,Harry Potter,https://uk.athgadlang.com/insights/harry-potter,https://images.unsplash.com/photo-1526628953301-3e589a6a8b74?auto=format&fit=crop&q=80&w=1400,title short (25); description short (69),"""The Philosopher's Stone Title, Explained | athGADLANG","The original UK title, Harry Potter and the Philosopher's Stone, is back in the spotlight. Here's why the naming still matters decades later."
United Kingdom,https://uk.athgadlang.com/insights/sorry-of-the-uk-people,Insight article,Sorry of the UK people | athGADLANG,35,“Sorry” Means More Than Apology in the UK,41,Sorry of the UK people,https://uk.athgadlang.com/insights/sorry-of-the-uk-people,https://images.unsplash.com/photo-1589829545856-d10d557cf95f?auto=format&fit=crop&q=80&w=1400,description short (41),,"In the UK, 'sorry' isn't always an apology. It's a filler word, a way to ask a question, and sometimes just a way to end an awkward silence."
United Kingdom,https://uk.athgadlang.com/insights/weather-talk-in-the-uk,Insight article,Weather Talk in the UK | athGADLANG,35,"From streets to offices, it has become the most reliable way to start a conversation, avoid awkward silence, and keep interactions comfortable.",143,Weather Talk in the UK,https://uk.athgadlang.com/insights/weather-talk-in-the-uk,https://images.unsplash.com/photo-1450101499163-c8848c66ca85?auto=format&fit=crop&q=80&w=1400,OK,,
United Kingdom,https://uk.athgadlang.com/insights/why-uk-offices-are-empty-but-coffee-shops-are-full,Insight article,Why UK Offices Are Empty but Coffee Shops Are Full | athGADLANG,63,"Walk into any coffee shop in London, Manchester, or Birmingham on a weekday morning and the pattern is impossible to miss. Tables are filled with laptops, headphones, and back-to-back calls.",190,Why UK Offices Are Empty but Coffee Shops Are Full,https://uk.athgadlang.com/insights/why-uk-offices-are-empty-but-coffee-shops-are-full,https://images.unsplash.com/photo-1543286386-713bdd548da4?auto=format&fit=crop&q=80&w=1400,title too long (63); description too long (190),"Why UK Offices Are Empty, Coffee Shops Full | athGADLANG","Walk into any coffee shop in London, Manchester or Birmingham on a weekday morning: tables full of laptops, headphones, back-to-back calls."
United Kingdom,https://uk.athgadlang.com/insights/climate-risk-reporting-in-the-uk,Insight article,Climate Risk Reporting in the UK | athGADLANG,45,The challenge is no longer reporting. It is demonstrating impact and resilience.,80,Climate Risk Reporting in the UK,https://uk.athgadlang.com/insights/climate-risk-reporting-in-the-uk,https://images.unsplash.com/photo-1552581234-26160f608093?auto=format&fit=crop&q=80&w=1400,OK,,
United Kingdom,https://uk.athgadlang.com/insights/gen-z-is-the-most-wanted-workforce-in-uk-offices,Insight article,Gen Z Is the Most Wanted Workforce in UK Offices | athGADLANG,61,"If you are hiring in the UK right now, you already feel it. The talent market has shifted, and Gen Z has moved to the centre of it. Employers are no longer just open to hiring Gen Z. They…",188,Gen Z Is the Most Wanted Workforce in UK Offices,https://uk.athgadlang.com/insights/gen-z-is-the-most-wanted-workforce-in-uk-offices,https://images.unsplash.com/photo-1551288049-bebda4e38f71?auto=format&fit=crop&q=80&w=1400,title too long (61); description too long (188),Gen Z Is the Most Wanted UK Workforce | athGADLANG,"If you're hiring in the UK right now, you already feel it. The talent market has shifted, and Gen Z now sits right at the centre of it."
United Kingdom,https://uk.athgadlang.com/insights/uk-retail-in-2026-how-physical-stores-and-e-commerce-are-driving-growth-together,Insight article,UK Retail in 2026: How Physical Stores and E-Commerce Are Driving Growth Together | athGADLANG,94,British retail has never been more interesting to watch. In the same week of February 2026 you could read about River Island planning the closure of 33 stores while John Lewis reported its…,189,UK Retail in 2026: How Physical Stores and E-Commerce Are Driving Growth Together,https://uk.athgadlang.com/insights/uk-retail-in-2026-how-physical-stores-and-e-commerce-are-driving-growth-together,https://images.unsplash.com/photo-1521791136064-7986c2920216?auto=format&fit=crop&q=80&w=1400,title too long (94); description too long (189),UK Retail 2026: Stores Meet E-Commerce | athGADLANG,"British retail has never been more interesting to watch. In one week of February 2026, River Island closed stores while John Lewis reported gains."
United Kingdom,https://uk.athgadlang.com/insights/why-the-uk-is-building-its-own-payment-network,Insight article,Why the UK Is Building Its Own Payment Network | athGADLANG,59,I’ve always believed that risk is not what you see. It’s what you assume will always work.,90,Why the UK Is Building Its Own Payment Network,https://uk.athgadlang.com/insights/why-the-uk-is-building-its-own-payment-network,https://images.unsplash.com/photo-1512453979798-5ea266f8880c?auto=format&fit=crop&q=80&w=1400,OK,,
United Kingdom,https://uk.athgadlang.com/insights/why-us-companies-are-freezing-hiring-while-productivity-is-rising,Insight article,Why US Companies Are Freezing Hiring While Productivity is Rising | athGADLANG,78,At first glance the US job market appears resilient. Headline employment numbers remain strong and corporate earnings continue to show stability. Yet beneath the surface many US companies…,188,Why US Companies Are Freezing Hiring While Productivity is Rising,https://uk.athgadlang.com/insights/why-us-companies-are-freezing-hiring-while-productivity-is-rising,https://images.unsplash.com/photo-1551288049-bebda4e38f71?auto=format&fit=crop&q=80&w=1400,title too long (78); description too long (188),US Hiring Freezes as Productivity Rises | athGADLANG,"At first glance, the US job market looks resilient: strong headline numbers, stable earnings. But beneath the surface, hiring has quietly stalled."
United Kingdom,https://uk.athgadlang.com/insights/why-the-four-day-workweek-is-no-longer-an-experiment-in-the-uk,Insight article,Why the Four Day Workweek Is No Longer an Experiment in the UK | athGADLANG,75,For years the four-day workweek was dismissed as a perk reserved for startups and progressive tech firms. Today it is rapidly becoming a serious workforce strategy across the UK. What once…,189,Why the Four Day Workweek Is No Longer an Experiment in the UK,https://uk.athgadlang.com/insights/why-the-four-day-workweek-is-no-longer-an-experiment-in-the-uk,https://images.unsplash.com/photo-1554224155-6726b3ff858f?auto=format&fit=crop&q=80&w=1400,title too long (75); description too long (189),The Four-Day Workweek Is Here to Stay | athGADLANG,"For years, the four-day workweek was dismissed as a perk for startups and progressive tech firms. Today, it's a serious UK workforce strategy."
United Kingdom,https://uk.athgadlang.com/insights/why-your-cv-is-dead-and-skills-are-taking-over-uk-hiring,Insight article,Why Your CV Is Dead And Skills Are Taking Over UK Hiring | athGADLANG,69,"Recruiters don’t care for CV, And Skills Are Taking Over UK Hiring",66,Why Your CV Is Dead And Skills Are Taking Over UK Hiring,https://uk.athgadlang.com/insights/why-your-cv-is-dead-and-skills-are-taking-over-uk-hiring,https://images.unsplash.com/photo-1454165804606-c3d57bc86b40?auto=format&fit=crop&q=80&w=1400,title too long (69); description short (66),"CVs Are Out, Skills Are In for UK Hiring | athGADLANG","Recruiters aren't reading CVs the way they used to. Across UK hiring, demonstrable skills now matter more than a polished list of past job titles."
United Kingdom,https://uk.athgadlang.com/insights/the-gravity-of-tomorrow,Insight article,The Gravity of Tomorrow | athGADLANG,36,"Purpose is often misunderstood as language. In reality, it is behaviour repeated consistently.",94,The Gravity of Tomorrow,https://uk.athgadlang.com/insights/the-gravity-of-tomorrow,https://images.unsplash.com/photo-1526628953301-3e589a6a8b74?auto=format&fit=crop&q=80&w=1400,OK,,
United Kingdom,https://uk.athgadlang.com/insights/common-mistakes-in-business-audits-in-the-uk-and-how-to-avoid-them,Insight article,Common Mistakes in Business Audits in the UK and How to Avoid Them | athGADLANG,79,"Business audits play a major role in the health of every company in the United Kingdom. They help confirm that financial records are correct, taxes are paid, and rules are followed. Yet…",186,Common Mistakes in Business Audits in the UK and How to Avoid Them,https://uk.athgadlang.com/insights/common-mistakes-in-business-audits-in-the-uk-and-how-to-avoid-them,https://images.unsplash.com/photo-1554774853-aae0a22c8aa4?auto=format&fit=crop&q=80&w=1400,title too long (79); description too long (186),Common UK Business Audit Mistakes to Avoid | athGADLANG,"Business audits play a major role in every UK company's health, confirming financial records are correct, taxes are paid, and rules are followed."
United Kingdom,https://uk.athgadlang.com/insights/uk-recruiters-on-the-edge-the-job-market-in-trouble,Insight article,UK Recruiters on the Edge The Job Market in Trouble | athGADLANG,64,"The UK job market is facing one of its toughest periods in years. Recruiters, whose main role is to help people find jobs, are now fighting to protect their own future. Rising business…",185,UK Recruiters on the Edge The Job Market in Trouble,https://uk.athgadlang.com/insights/uk-recruiters-on-the-edge-the-job-market-in-trouble,https://images.unsplash.com/photo-1450101499163-c8848c66ca85?auto=format&fit=crop&q=80&w=1400,title too long (64); description too long (185),UK Recruiters on the Edge as Market Struggles | athGADLANG,"The UK job market is facing one of its toughest periods in years. Recruiters, whose job is helping others find work, are now fighting for their own."
United Kingdom,https://uk.athgadlang.com/insights/uk-government-drops-plans-for-mandatory-digital-work-id,Insight article,UK Government Drops Plans for Mandatory Digital Work ID | athGADLANG,68,The UK has stepped back from a digital ID system for work,57,UK Government Drops Plans for Mandatory Digital Work ID,https://uk.athgadlang.com/insights/uk-government-drops-plans-for-mandatory-digital-work-id,https://images.unsplash.com/photo-1460925895917-afdab827c52f?auto=format&fit=crop&q=80&w=1400,title too long (68); description short (57),UK Scraps Mandatory Digital Work ID Plans | athGADLANG,"The UK government has stepped back from plans for a mandatory digital ID system for work, reversing course after months of public debate."
Pakistan,https://pk.athgadlang.com/,Homepage,"athGADLANG — Audit, Tax, Accounting and Advisory in Pakistan",60,"athGADLANG is an audit, tax and advisory firm in Pakistan. Statutory audit, corporate tax, VAT, company formation and outsourced finance for growing businesses.",160,Clarity in the numbers. Confidence in every decision.,https://pk.athgadlang.com,(none),no social share image,,
Pakistan,https://pk.athgadlang.com/services,services,Services | athGADLANG,21,"Assurance, accounting, tax, resourcing, consulting, corporate services and asset management from athGADLANG, across the UAE, KSA, Bahrain, the UK and Pakistan.",159,"Every practice area, one accountable team.",https://pk.athgadlang.com/services,https://images.unsplash.com/photo-1560264280-88b68371db39?auto=format&fit=crop&q=80&w=2400,title short (21),Assurance & Consulting Services in Pakistan | athGADLANG,
Pakistan,https://pk.athgadlang.com/insights,insights,Insights | athGADLANG,21,"Regulatory updates, technical guidance and expert analysis on tax, audit, compliance and company formation across the UAE, KSA, Bahrain, the UK and Pakistan.",157,Perspectives that keep you ahead of the regulation.,https://pk.athgadlang.com/insights,https://images.unsplash.com/photo-1504711434969-e33886168f5c?auto=format&fit=crop&q=80&w=2400,title short (21),"Tax, Audit & Compliance Insights in Pakistan | athGADLANG",
Pakistan,https://pk.athgadlang.com/webinars,webinars,Webinars | athGADLANG,21,"On-demand sessions on tax, audit, compliance and business setup, hosted by the athGADLANG specialists who advise on them day to day.",132,Sit in on the sessions our clients ask for.,https://pk.athgadlang.com/webinars,https://images.unsplash.com/photo-1531058020387-3be344556be6?auto=format&fit=crop&q=80&w=2400,title short (21),"Tax, Audit & Compliance Webinars in Pakistan | athGADLANG",
Pakistan,https://pk.athgadlang.com/events,events,Events | athGADLANG,19,"Live webinars and in-person seminars on tax, audit, compliance and business setup across the UAE, KSA, Bahrain, the UK and Pakistan — hosted by the athGADLANG specialists who advise on them day to day.",201,Come and ask the questions in person.,https://pk.athgadlang.com/events,https://images.unsplash.com/photo-1540575467063-178a50c2df87?auto=format&fit=crop&q=80&w=2400,title short (19); description too long (201),"Tax, Audit & Compliance Events in Pakistan | athGADLANG","Live webinars and seminars on tax, audit and business setup, hosted by the athGADLANG specialists who advise on them day to day."
Pakistan,https://pk.athgadlang.com/company-profile,company-profile,About Us | athGADLANG,21,"athGADLANG helps businesses navigate complexity with confidence — tax strategy, consulting, assurance and accounting across the UAE, KSA, Bahrain, the UK and Pakistan.",167,A partner for the decisions that carry weight.,https://pk.athgadlang.com,(none),title short (21); description too long (167); no social share image,About athGADLANG | Tax & Advisory,"athGADLANG helps businesses navigate complexity, tax strategy, consulting, assurance and accounting across the UAE, KSA, Bahrain, the UK and Pakistan."
Pakistan,https://pk.athgadlang.com/privacy-policy,privacy-policy,Privacy Policy | athGADLANG,27,"What personal information athGADLANG collects through this website, how it is used, and the choices available to you.",117,Privacy Policy,https://pk.athgadlang.com/privacy-policy,(none),title short (27); no social share image,"Privacy Policy | athGADLANG, Pakistan",
Pakistan,https://pk.athgadlang.com/terms-of-use,terms-of-use,Terms Of Use | athGADLANG,25,"The terms on which athGADLANG makes this website available, including permitted use, intellectual property and limitation of liability.",135,Terms Of Use,https://pk.athgadlang.com/terms-of-use,(none),title short (25); no social share image,"Terms of Use | athGADLANG, Pakistan",
Pakistan,https://pk.athgadlang.com/legal-information,legal-information,Legal Information | athGADLANG,30,"Important legal information about your use of the athGADLANG website, including warranties, liability and intellectual property.",128,Legal Information,https://pk.athgadlang.com/legal-information,(none),no social share image,,
Pakistan,https://pk.athgadlang.com/services/assurance,Service,Assurance | athGADLANG,22,"At athGADLANG, we offer strategic assurance solutions that go beyond traditional audits to provide actionable insights, strengthen controls, and mitigate risks in a complex business landscape. Our services deliver confidence in your financials, operations, and compliance, positioning you for sustainable growth and resilience.",327,Assurance,https://pk.athgadlang.com,(none),title short (22); description too long (327); no social share image,Assurance & Audit Services in Pakistan | athGADLANG,"athGADLANG's assurance services go beyond audits, strengthening controls, managing risk and building confidence in your financials and operations."
Pakistan,https://pk.athgadlang.com/services/accounting,Service,Accounting | athGADLANG,23,We understand that accounting is an area that no business can compromise on. Our team of accounting experts ensures that your stakeholders can use the most accurate and up-to-date records for day-to-day operations and decision-making purposes.,243,Accounting,https://pk.athgadlang.com,(none),title short (23); description too long (243); no social share image,Accounting & Bookkeeping Services in Pakistan | athGADLANG,"athGADLANG's accounting experts deliver accurate, up-to-date records, so your team can make decisions with confidence, every single day."
Pakistan,https://pk.athgadlang.com/services/tax,Service,Tax | athGADLANG,16,"At athGADLANG, we provide specialized tax services tailored to the UAE's evolving landscape, including the new Corporate Tax regime, ensuring compliance, optimization, and strategic tax planning for businesses operating in this dynamic hub. Our expert-driven solutions help you navigate federal and emirate-specific requirements with precision and foresight.",358,Tax,https://pk.athgadlang.com,(none),title short (16); description too long (358); no social share image,Tax Services in Pakistan | athGADLANG,"athGADLANG's tax services help businesses navigate tax compliance, income tax and sales tax, with strategic planning built for precision."
Pakistan,https://pk.athgadlang.com/services/resourcing,Service,Resourcing | athGADLANG,23,"At athGADLANG, we provide flexible, expert-driven resourcing solutions that help businesses adapt, scale, and perform in a dynamic environment. Our services are designed to ensure you have the right talent, capabilities, and support, exactly when you need them.",261,Resourcing,https://pk.athgadlang.com,(none),title short (23); description too long (261); no social share image,Resourcing & Talent Solutions in Pakistan | athGADLANG,"athGADLANG delivers flexible resourcing solutions that help businesses adapt and scale, the right talent and support, exactly when you need it."
Pakistan,https://pk.athgadlang.com/services/business-process-outsourcing,Service,Business Process Outsourcing (BPO) | athGADLANG,47,"Optimize your operations, reduce costs, and enhance efficiency with our Business Process Outsourcing (BPO) solutions. At aG Resources, we provide industry-specific outsourcing services, allowing businesses to delegate non-core functions while maintaining control and quality. Whether you need financial experts, customer support teams, or back-office specialists, our tailored BPO solutions help you scale faster and operate smarter.",433,Business Process Outsourcing (BPO),https://pk.athgadlang.com,(none),description too long (433); no social share image,,"aG Resources' BPO solutions help you delegate non-core functions, financial, customer support and back-office, while you scale faster and operate smarter."
Pakistan,https://pk.athgadlang.com/services/talent-acquisition,Service,Talent Acquisition | athGADLANG,31,"Finding the right talent is more than just filling positions — it's about securing professionals who drive success. At aG Resources, we act as your dedicated offsite recruitment partner, connecting you with top-tier candidates across industries. Whether you need junior staff or C-suite executives, our strategic hiring solutions ensure you find the perfect fit for your organization.",384,Talent Acquisition,https://pk.athgadlang.com,(none),description too long (384); no social share image,,"aG Resources' strategic hiring solutions connect you with top-tier talent across industries, from junior staff to C-suite, wherever you're growing."
Pakistan,https://pk.athgadlang.com/services/remote-workforce-solutions,Service,Remote Workforce Solutions | athGADLANG,39,"Access top talent without overhead. At aG Resources, we provide dedicated remote professionals under a secondment model, ensuring you get the expertise you need while we manage payroll, administration, and infrastructure. Whether you require short-term specialists or long-term dedicated resources, our remote workforce solutions help you scale efficiently without compromising on quality.",389,Remote Workforce Solutions,https://pk.athgadlang.com,(none),description too long (389); no social share image,,"aG Resources provides dedicated remote professionals under a secondment model, we manage payroll and infrastructure, you get the expertise."
Pakistan,https://pk.athgadlang.com/services/consulting,Service,Consulting | athGADLANG,23,"At athGADLANG, we help businesses navigate complexity, unlock opportunities, and achieve sustainable growth. Our consulting services combine deep industry expertise with practical insights to support better decision-making across all areas of your organization.",261,Consulting,https://pk.athgadlang.com,(none),title short (23); description too long (261); no social share image,Consulting Services in Pakistan | athGADLANG,"athGADLANG's consulting services combine deep industry expertise with practical insights, helping you unlock opportunities and achieve sustainable growth."
Pakistan,https://pk.athgadlang.com/services/corporate-services,Service,Corporate Services | athGADLANG,31,"At aG Corporate Services, we simplify the entire UAE company formation process – from selecting the right jurisdiction to getting your trade license, visas, and bank account ready.",180,Corporate Services,https://pk.athgadlang.com,(none),description too long (180); no social share image,,"aG Corporate Services simplifies Pakistan company formation, from choosing the right structure to registration, licensing and banking setup."
Pakistan,https://pk.athgadlang.com/services/fixed-asset-inventory-management,Service,Fixed Asset & Inventory Management | athGADLANG,47,"At athGADLANG, we deliver expert-led fixed assets and inventory management solutions that empower businesses to maintain accuracy, compliance, and efficiency in their asset lifecycle. Our services ensure precise tracking, valuation, and optimization of fixed assets and inventory, minimizing risks and supporting informed decision-making in dynamic environments.",362,Fixed Asset & Inventory Management,https://pk.athgadlang.com,(none),description too long (362); no social share image,,"athGADLANG's fixed asset and inventory management solutions ensure accurate tracking, valuation and compliance, minimizing risk in dynamic environments."
Pakistan,https://pk.athgadlang.com/about/leadership/arshad-gadit,About,Arshad Gadit — Partner & Global CEO | athGADLANG,48,"Arshad is our Global CEO, Head of Public Relations & Partner. He has over 2 decades of firm experience in Europe, South East Asia and Middle East. Prior to joining athGADLANG, Arshad has led the audit practice at BDO Bahrain as an Assurance and Business Advisory Partner.",271,Arshad Gadit,https://pk.athgadlang.com,(none),description too long (271); no social share image,,"Arshad Gadit, athGADLANG's Global CEO, brings two decades of audit and advisory experience, including leading BDO Bahrain's audit practice."
Pakistan,https://pk.athgadlang.com/about/leadership/usman-alam,About,Usman Alam — Partner — Assurance & Compliance | athGADLANG,58,"Usman is a seasoned professional who has spent over 17 years serving clients across various industries with Assurance, Financial Planning, Business Advisory, Financial Reporting, and Compliance services. He has worked with some of the top firms in the industry, including PWC and KPMG, and is a Fellow Chartered Accountant from the Institute of Chartered Accountants of England and Wales (ICAEW).",396,Usman Alam,https://pk.athgadlang.com,(none),description too long (396); no social share image,,"Usman Alam is a Partner at athGADLANG with 17+ years in Assurance and Compliance, including roles at PwC and KPMG. Fellow Chartered Accountant, ICAEW."
Pakistan,https://pk.athgadlang.com/about/leadership/yasir-gadit,About,Yasir Gadit — Partner — Consulting | athGADLANG,47,"Yasir is our leader for the Consulting division. He is a Fellow Chartered Accountant from the Institute of Chartered Accountants of Pakistan (ICAP). With more than 19 years of experience, Yasir is passionate adding value to our clients, and is a huge cricket enthusiast.",270,Yasir Gadit,https://pk.athgadlang.com,(none),description too long (270); no social share image,,Yasir Gadit leads athGADLANG's Consulting division. A Fellow Chartered Accountant (ICAP) with 19+ years of experience adding value for clients.
Pakistan,https://pk.athgadlang.com/about/leadership/abdullah-taimoor,About,Abdullah Taimoor — Partner — Fixed Asset & Inventory Management | athGADLANG,76,"Abdullah Taimoor is a distinguished finance professional with over 18 years of experience, including a tenure as an external auditor at PwC, where he audited leading banks, funds, and insurance companies. He holds an MBA in Finance and is a certified ACCA, bringing deep expertise in auditing, financial reporting, and operational risk management.",347,Abdullah Taimoor,https://pk.athgadlang.com,(none),title too long (76); description too long (347); no social share image,"Abdullah Taimoor — Partner, FAIM | athGADLANG","18+ years in finance and auditing, including PwC. Abdullah Taimoor is athGADLANG's Partner for Fixed Asset & Inventory Management, MBA, ACCA."
Pakistan,https://pk.athgadlang.com/about/leadership/arslan-mushtaq,About,Arslan Mushtaq — Partner — Tax | athGADLANG,43,"Arslan leads the team at our Tax division. His experience spans over 19 years of post qualification tenure in VAT, Audit Assurance and Internal Audit working at PwC, KPMG and FRHI in the UK and UAE.",198,Arslan Mushtaq,https://pk.athgadlang.com,(none),description too long (198); no social share image,,"Arslan Mushtaq leads athGADLANG's Tax division, 19+ years in VAT, Audit and Internal Audit at PwC, KPMG and FRHI, across the UK and UAE."
Pakistan,https://pk.athgadlang.com/about/leadership/abdul-aziz-lang,About,Abdul Aziz Lang — Partner — Strategy | athGADLANG,49,"Abdul Aziz Lang is one of the most senior partners of the firm, with more than three decades of experience in Consulting, Corporate Finance, and Strategy. Abdul Aziz is a fellow member of the Institute of Chartered Accountants of Pakistan, Institute of Cost and Management Accountants, Institute of Corporate Secretaries, and a Certified Strategic Management Master.",366,Abdul Aziz Lang,https://pk.athgadlang.com,(none),description too long (366); no social share image,,"Abdul Aziz Lang is one of athGADLANG's most senior partners, 30+ years in Consulting, Corporate Finance and Strategy, and a Fellow Chartered Accountant."
Pakistan,https://pk.athgadlang.com/about/leadership/saqib-nisar,About,Saqib Nisar — Managing Partner | athGADLANG,43,"Saqib Nisar has over 25 years of experience in the field of investigations, contract reviews, financial crime, AML and sanctions assessments, audit, accounting, forensics, and related services. He has worked in a range of industries, including construction, logistics, trading and contracting services, and oil & gas sectors.",325,Saqib Nisar,https://pk.athgadlang.com,(none),description too long (325); no social share image,,"Saqib Nisar, athGADLANG's Managing Partner, brings 25+ years in financial crime, AML, sanctions assessments and forensic investigations."
Pakistan,https://pk.athgadlang.com/about/leadership/haziq-neshat-akhtar,About,"Haziq Neshat Akhtar — Partner — Risk, Financial Crimes & Transaction Advisory | athGADLANG",90,"Haziq Neshat Akhtar leads the Advisory division at athGADLANG & WATHIQ. With over 16 years of experience, he specializes in risk management, forensic audits, corporate advisory, and financial consulting.",203,Haziq Neshat Akhtar,https://pk.athgadlang.com,(none),title too long (90); description too long (203); no social share image,"Haziq N. Akhtar — Partner, Risk Advisory | athGADLANG","Haziq Neshat Akhtar leads athGADLANG and Wathiq's Advisory division, specializing in risk management, forensic audits and corporate advisory."
Pakistan,https://pk.athgadlang.com/about/leadership/osman-babar,About,Osman Babar — Partner — BPO Services | athGADLANG,49,"Osman is our Partner of Business Process Outsourcing (BPO) Services and a fellow member of the Institute of Chartered Accountants of Pakistan. He is a determined, highly motivated, and skilled professional with more than 22 years of experience.",244,Osman Babar,https://pk.athgadlang.com,(none),description too long (244); no social share image,,"Osman Babar is athGADLANG's Partner for BPO Services, a Fellow of the Institute of Chartered Accountants of Pakistan, with 22+ years of experience."
Pakistan,https://pk.athgadlang.com/about/leadership/sikandar-gadit,About,Sikandar Gadit — Partner & Chief Operating Officer | athGADLANG,63,"Sikander Abdul Rehman Gadit is the COO at athGADLANG & WATHIQ, with over 25 years of international experience across the UAE, KSA, Bahrain, and Pakistan. He specializes in business operations, growth strategy, and market expansion, helping organizations build scalable and efficient operating models.",300,Sikandar Gadit,https://pk.athgadlang.com,(none),title too long (63); description too long (300); no social share image,"Sikandar Gadit, Partner & COO | athGADLANG","Sikandar Gadit, athGADLANG and Wathiq's COO, brings 25+ years across the UAE, KSA, Bahrain and Pakistan in operations and growth strategy."
Pakistan,https://pk.athgadlang.com/about/leadership/khushboo-mushtaq,About,Khushboo Mushtaq — Director — Financial Accounting & Advisory Services (FAAS) | athGADLANG,90,A Chartered Accountant from Institute of Chartered Accountants of Pakistan. Khushboo's experience spans across a spectrum of verticals in more than one country and has a strong grip on IFRS.,190,Khushboo Mushtaq,https://pk.athgadlang.com,(none),title too long (90); description too long (190); no social share image,"Khushboo Mushtaq — Director, FAAS | athGADLANG","Khushboo Mushtaq, athGADLANG's FAAS Director, is a Chartered Accountant (ICAP) with strong IFRS expertise across multiple countries."
Pakistan,https://pk.athgadlang.com/insights/the-rise-sale-and-merger-of-telenor-pakistan,Insight article,"The Rise, Sale, and Merger of Telenor Pakistan | athGADLANG",59,"Telenor is a leading telecom company with operations across Europe and Asia. It is mainly owned by the Norwegian state, which holds a 53.97% stake. In recent years, Telenor has changed its…",189,"The Rise, Sale, and Merger of Telenor Pakistan",https://pk.athgadlang.com/insights/the-rise-sale-and-merger-of-telenor-pakistan,https://images.unsplash.com/photo-1526628953301-3e589a6a8b74?auto=format&fit=crop&q=80&w=1400,description too long (189),,"Telenor is a leading telecom operator across Europe and Asia, majority-owned by the Norwegian state. In Pakistan, its story has taken a sharp turn."
Pakistan,https://pk.athgadlang.com/insights/appfolio-automates-property-management-yet-cannot-do-your-bookkeeping,Insight article,AppFolio Automates Property Management Yet Cannot Do Your Bookkeeping | athGADLANG,82,"If your property management firm uses AppFolio, you are already ahead of many businesses.",89,AppFolio Automates Property Management Yet Cannot Do Your Bookkeeping,https://pk.athgadlang.com/insights/appfolio-automates-property-management-yet-cannot-do-your-bookkeeping,https://images.unsplash.com/photo-1554774853-aae0a22c8aa4?auto=format&fit=crop&q=80&w=1400,title too long (82),"AppFolio Automates PM, Not Bookkeeping | athGADLANG",
Pakistan,https://pk.athgadlang.com/insights/yardi-is-not-replacing-your-property-management-accountant,Insight article,Yardi Is Not Replacing Your Property Management Accountant | athGADLANG,71,"If your property management firm uses Yardi, you already know how powerful the platform can be.",95,Yardi Is Not Replacing Your Property Management Accountant,https://pk.athgadlang.com/insights/yardi-is-not-replacing-your-property-management-accountant,https://images.unsplash.com/photo-1450101499163-c8848c66ca85?auto=format&fit=crop&q=80&w=1400,title too long (71),Yardi Isn't Replacing Your PM Accountant | athGADLANG,
Pakistan,https://pk.athgadlang.com/insights/islamabad-for-lahoris,Insight article,Islamabad for Lahoris | athGADLANG,34,Islamabad Is One of the World's Most Beautiful Capitals... Yet Feels Too Quiet for Lahoris,90,Islamabad for Lahoris,https://pk.athgadlang.com/insights/islamabad-for-lahoris,https://images.unsplash.com/photo-1543286386-713bdd548da4?auto=format&fit=crop&q=80&w=1400,OK,,
Pakistan,https://pk.athgadlang.com/insights/my-taste-buds-switched-sides,Insight article,My taste buds switched sides | athGADLANG,41,The Crimson Rescue Mission: How to Gaslight Your Tastebuds Into Liking Grass,76,My taste buds switched sides,https://pk.athgadlang.com/insights/my-taste-buds-switched-sides,https://images.unsplash.com/photo-1521791136064-7986c2920216?auto=format&fit=crop&q=80&w=1400,OK,,
Pakistan,https://pk.athgadlang.com/insights/pakistan-in-world-cup,Insight article,Pakistan in World Cup | athGADLANG,34,This summer it did not even come close. And yet every team out there is playing on its property.,96,Pakistan in World Cup,https://pk.athgadlang.com/insights/pakistan-in-world-cup,https://images.unsplash.com/photo-1552581234-26160f608093?auto=format&fit=crop&q=80&w=1400,OK,,
Pakistan,https://pk.athgadlang.com/insights/the-rishta-aunty-a-national-institution,Insight article,The Rishta Aunty- A National Institution | athGADLANG,53,"Nobody hands you a form. You just turn twenty-four, walk into a wedding, and realise a woman across the room has already decided you would suit her nephew.",155,The Rishta Aunty- A National Institution,https://pk.athgadlang.com/insights/the-rishta-aunty-a-national-institution,https://images.unsplash.com/photo-1507679799987-c73779587ccf?auto=format&fit=crop&q=80&w=1400,OK,,
Pakistan,https://pk.athgadlang.com/insights/software-is-not-fixing-your-accounting-problems,Insight article,Software Is Not Fixing Your Accounting Problems | athGADLANG,60,"Many property management firms believe the answer to accounting challenges is a better software platform. So, they upgrade. They move to AppFolio, Yardi, Buildium, Rent Manager, or another…",189,Software Is Not Fixing Your Accounting Problems,https://pk.athgadlang.com/insights/software-is-not-fixing-your-accounting-problems,https://images.unsplash.com/photo-1460925895917-afdab827c52f?auto=format&fit=crop&q=80&w=1400,description too long (189),,"Many property management firms think better software fixes accounting problems. They upgrade to AppFolio, Yardi or Buildium, and the problems stay."
Pakistan,https://pk.athgadlang.com/insights/firms-lose-clients-over-accounting,Insight article,Firms Lose Clients Over Accounting | athGADLANG,47,"Most property management firms believe they lose clients because of maintenance issues, tenant complaints, or operational mistakes.",131,Firms Lose Clients Over Accounting,https://pk.athgadlang.com/insights/firms-lose-clients-over-accounting,https://images.unsplash.com/photo-1507679799987-c73779587ccf?auto=format&fit=crop&q=80&w=1400,OK,,
Pakistan,https://pk.athgadlang.com/insights/your-next-property-management-hire-might-not-need-to-be-a-hire-at-all,Insight article,Your Next Property Management Hire Might Not Need to Be a Hire at All | athGADLANG,82,"If you run a property management firm in North America, chances are you have faced this situation. Your portfolio grows. Reporting takes longer. Owner statements start piling up. Month-end…",189,Your Next Property Management Hire Might Not Need to Be a Hire at All,https://pk.athgadlang.com/insights/your-next-property-management-hire-might-not-need-to-be-a-hire-at-all,https://images.unsplash.com/photo-1543286386-713bdd548da4?auto=format&fit=crop&q=80&w=1400,title too long (82); description too long (189),Your Next PM Hire Might Not Be a Hire | athGADLANG,"If you run a property management firm in North America, you've likely faced this: portfolio growth, slower reporting, harder month-ends."
Pakistan,https://pk.athgadlang.com/insights/the-property-management-firms-winning-in-north-america-are-not-building-bigger-a,Insight article,The Property Management Firms Winning in North America Are Not Building Bigger Accounting Teams | athGADLANG,108,"Across North America, property management firms are growing aggressively. More units are being added. More owners are being onboarded. More properties are entering portfolios every month.",187,The Property Management Firms Winning in North America Are Not Building Bigger Accounting Teams,https://pk.athgadlang.com/insights/the-property-management-firms-winning-in-north-america-are-not-building-bigger-a,https://images.unsplash.com/photo-1552581234-26160f608093?auto=format&fit=crop&q=80&w=1400,title too long (108); description too long (187),Why Top PM Firms Skip Bigger Accounting Teams | athGADLANG,"Across North America, property management firms are growing fast, more units, more owners, more properties. But headcount isn't the growth strategy."
Pakistan,https://pk.athgadlang.com/insights/a-love-letter-to-shezan-all-pure-mango-juice,Insight article,A Love Letter to Shezan All Pure Mango Juice | athGADLANG,57,There is a particular sound that every Pakistani of a certain age can summon from memory without effort: the soft hiss of a Shezan All Pure tetra pack being pierced by its…,172,A Love Letter to Shezan All Pure Mango Juice,https://pk.athgadlang.com/insights/a-love-letter-to-shezan-all-pure-mango-juice,https://images.unsplash.com/photo-1450101499163-c8848c66ca85?auto=format&fit=crop&q=80&w=1400,description too long (172),,"There's a particular sound every Pakistani of a certain age remembers instantly: the soft hiss of a Shezan tetra pack, straw piercing right through."
Pakistan,https://pk.athgadlang.com/insights/bakra-eid-and-toxic-masculinity-men-competing-over-goat-size,Insight article,Bakra Eid and Toxic Masculinity- Men Competing Over Goat Size | athGADLANG,74,"Every year before Bakra Eid, men across Pakistan suddenly become extremely serious about one thing: goats. Not religion. Not sacrifice. Goat size. Calm and peaceful uncles transform into…",187,Bakra Eid and Toxic Masculinity- Men Competing Over Goat Size,https://pk.athgadlang.com/insights/bakra-eid-and-toxic-masculinity-men-competing-over-goat-size,https://images.unsplash.com/photo-1460925895917-afdab827c52f?auto=format&fit=crop&q=80&w=1400,title too long (74); description too long (187),Bakra Eid: Men Competing Over Goat Size | athGADLANG,"Every year before Bakra Eid, men across Pakistan get seriously competitive about one thing: goat size, not religion, not sacrifice."
Pakistan,https://pk.athgadlang.com/insights/in-pakistan-peacocks-are-pets,Insight article,"In Pakistan, Peacocks are Pets... | athGADLANG",46,The Tradition of Keeping Peacocks as Pets in Pakistan,53,"In Pakistan, Peacocks are Pets...",https://pk.athgadlang.com/insights/in-pakistan-peacocks-are-pets,https://images.unsplash.com/photo-1554774853-aae0a22c8aa4?auto=format&fit=crop&q=80&w=1400,description short (53),,"Across parts of Pakistan, peacocks aren't just admired from afar, they're kept as beloved household pets, a tradition passed down for generations."
Pakistan,https://pk.athgadlang.com/insights/pakistan-s-water-bombs-are-already-going-off-with-no-countdown-in-place,Insight article,"Pakistan’s water bombs are already going off, with no countdown in place | athGADLANG",85,"Pakistan is sitting on a climate fault line in the Karakoram, Hindu Kush, and Himalaya. In these mountains, glaciers are melting, advancing, and surging in ways that can dam rivers, build…",188,"Pakistan’s water bombs are already going off, with no countdown in place",https://pk.athgadlang.com/insights/pakistan-s-water-bombs-are-already-going-off-with-no-countdown-in-place,https://images.unsplash.com/photo-1543286386-713bdd548da4?auto=format&fit=crop&q=80&w=1400,title too long (85); description too long (188),Pakistan's Water Bombs Are Already Going Off | athGADLANG,"Pakistan sits on a climate fault line across the Karakoram, Hindu Kush and Himalaya, where melting, surging glaciers can dam rivers without warning."
Pakistan,https://pk.athgadlang.com/insights/the-new-middle-class-luxury-in-pakistan-driving-without-calculating,Insight article,The New Middle-Class Luxury in Pakistan? Driving Without Calculating | athGADLANG,81,Pakistan's Tourism Revival: Can Heritage and Hospitality Drive Economic Growth?,79,The New Middle-Class Luxury in Pakistan? Driving Without Calculating,https://pk.athgadlang.com/insights/the-new-middle-class-luxury-in-pakistan-driving-without-calculating,https://images.unsplash.com/photo-1507679799987-c73779587ccf?auto=format&fit=crop&q=80&w=1400,title too long (81),The New Middle-Class Luxury: Not Calculating | athGADLANG,
Pakistan,https://pk.athgadlang.com/insights/property-management-firms-in-north-america-are-rapidly-outsourcing-accounting-an,Insight article,Property Management Firms in North America Are Rapidly Outsourcing Accounting and Bookkeeping | athGADLANG,106,"If you run a property management firm in North America, you have probably noticed something. Accounting and bookkeeping are taking up more time than they used to.",162,Property Management Firms in North America Are Rapidly Outsourcing Accounting and Bookkeeping,https://pk.athgadlang.com/insights/property-management-firms-in-north-america-are-rapidly-outsourcing-accounting-an,https://images.unsplash.com/photo-1521791136064-7986c2920216?auto=format&fit=crop&q=80&w=1400,title too long (106); description too long (162),PM Firms Are Rapidly Outsourcing Accounting | athGADLANG,"If you run a property management firm in North America, you've probably noticed something. Accounting and bookkeeping take up more time than they used to."
Pakistan,https://pk.athgadlang.com/insights/what-top-property-management-firms-in-north-america-do-differently-with-their-ac,Insight article,What Top Property Management Firms in North America Do Differently With Their Accounting | athGADLANG,101,"If you look closely at the fastest-growing property management firms in North America, you will notice something interesting. They are not just better at managing properties. They are…",184,What Top Property Management Firms in North America Do Differently With Their Accounting,https://pk.athgadlang.com/insights/what-top-property-management-firms-in-north-america-do-differently-with-their-ac,https://images.unsplash.com/photo-1551288049-bebda4e38f71?auto=format&fit=crop&q=80&w=1400,title too long (101); description too long (184),What Top Property Management Firms Do | athGADLANG,"Look closely at the fastest-growing property management firms in North America, and you'll notice something. They handle accounting differently."
Pakistan,https://pk.athgadlang.com/insights/the-hidden-cost-of-in,Insight article,The Hidden Cost of In | athGADLANG,34,"If you run a property management firm in North America, you probably believe that keeping accounting in-house gives you control. It feels safer. It feels familiar. And for many firms, it…",187,The Hidden Cost of In,https://pk.athgadlang.com/insights/the-hidden-cost-of-in,https://images.unsplash.com/photo-1512453979798-5ea266f8880c?auto=format&fit=crop&q=80&w=1400,description too long (187),,"If you run a property management firm in North America, keeping accounting in-house feels safer and more familiar. But it isn't always cheaper."
Pakistan,https://pk.athgadlang.com/insights/red-flags-your-property-management-accounting-needs-outsourcing-in-north-america,Insight article,Red Flags Your Property Management Accounting Needs Outsourcing in North America | athGADLANG,93,"If you are running a property management firm in North America, you already know this. Managing properties is only half the job. The real pressure often sits behind the scenes in your…",184,Red Flags Your Property Management Accounting Needs Outsourcing in North America,https://pk.athgadlang.com/insights/red-flags-your-property-management-accounting-needs-outsourcing-in-north-america,https://images.unsplash.com/photo-1554224155-6726b3ff858f?auto=format&fit=crop&q=80&w=1400,title too long (93); description too long (184),Red Flags in Property Management Accounting | athGADLANG,Running a property management firm in North America means managing properties is only half the job. These are the signs it's time to outsource accounting.
Pakistan,https://pk.athgadlang.com/insights/property-management-outsourcing-is-reshaping-real-estate-in-north-america,Insight article,Property Management Outsourcing Is Reshaping Real Estate in North America | athGADLANG,86,"If you are managing properties in North America, you have likely felt it already. Costs are rising, tenant expectations are increasing, and operational complexity is becoming harder to…",185,Property Management Outsourcing Is Reshaping Real Estate in North America,https://pk.athgadlang.com/insights/property-management-outsourcing-is-reshaping-real-estate-in-north-america,https://images.unsplash.com/photo-1454165804606-c3d57bc86b40?auto=format&fit=crop&q=80&w=1400,title too long (86); description too long (185),Property Management Outsourcing Is Growing | athGADLANG,"If you manage properties in North America, you've likely felt it: rising costs, growing expectations, operations getting harder to run alone."
Pakistan,https://pk.athgadlang.com/insights/the-kal-dekhenge-mindset-is-procrastination-a-national-strategy-week-45,Insight article,The “Kal Dekhenge” Mindset: Is Procrastination a National Strategy? - Week 45: | athGADLANG,91,"The Culture of “Not Yet” in Pakistan, Procrastination a National Strategy",73,The “Kal Dekhenge” Mindset: Is Procrastination a National Strategy? - Week 45:,https://pk.athgadlang.com/insights/the-kal-dekhenge-mindset-is-procrastination-a-national-strategy-week-45,https://images.unsplash.com/photo-1554774853-aae0a22c8aa4?auto=format&fit=crop&q=80&w=1400,title too long (91),Is 'Kal Dekhenge' a National Strategy? | athGADLANG,
Pakistan,https://pk.athgadlang.com/insights/whales-in-pakistan,Insight article,Whales in Pakistan | athGADLANG,31,Early Whales Walked: Pakistan Changed the Story of Whale Evolution,66,Whales in Pakistan,https://pk.athgadlang.com/insights/whales-in-pakistan,https://images.unsplash.com/photo-1589829545856-d10d557cf95f?auto=format&fit=crop&q=80&w=1400,description short (66),,"Fossils found in Pakistan revealed that early whales had legs and walked on land, reshaping what scientists understood about their evolution."
Pakistan,https://pk.athgadlang.com/insights/when-salt-meets-cats-and-jinn-s-laugh-through-pakistan-s-superstition-circus,Insight article,When Salt Meets Cats and Jinn’s Laugh Through Pakistan's Superstition Circus | athGADLANG,89,"Have you ever spilled salt at the dinner table and immediately tossed a pinch over your left shoulder, hoping to blind the devil who's supposedly lurking there? Or said ""Mashallah"" super…",187,When Salt Meets Cats and Jinn’s Laugh Through Pakistan's Superstition Circus,https://pk.athgadlang.com/insights/when-salt-meets-cats-and-jinn-s-laugh-through-pakistan-s-superstition-circus,https://images.unsplash.com/photo-1526628953301-3e589a6a8b74?auto=format&fit=crop&q=80&w=1400,title too long (89); description too long (187),Pakistan's Superstition Circus | athGADLANG,"Ever spilled salt and tossed a pinch over your shoulder to ward off bad luck? Pakistan's everyday superstitions run deep, and stranger than you'd think."
Pakistan,https://pk.athgadlang.com/insights/why-sleep-loses-every-time-to-lahori-breakfast,Insight article,Why Sleep Loses Every Time to Lahori Breakfast | athGADLANG,59,"In most cities, waking up early is a sign of discipline. It means productivity, gym routines, or chasing goals. In Lahore, waking up early means something entirely different. It means…",184,Why Sleep Loses Every Time to Lahori Breakfast,https://pk.athgadlang.com/insights/why-sleep-loses-every-time-to-lahori-breakfast,https://images.unsplash.com/photo-1450101499163-c8848c66ca85?auto=format&fit=crop&q=80&w=1400,description too long (184),,"In most cities, waking up early means discipline, gym routines and chasing goals. In Lahore, it means something else entirely: breakfast."
Pakistan,https://pk.athgadlang.com/insights/dropping-out-is-becoming-a,Insight article,Dropping Out Is Becoming a | athGADLANG,39,"Not long ago, dropping out of university in Pakistan was seen as a setback. Today, for a growing number of young people, it is starting to look like a statement.",161,Dropping Out Is Becoming a,https://pk.athgadlang.com/insights/dropping-out-is-becoming-a,https://images.unsplash.com/photo-1554774853-aae0a22c8aa4?auto=format&fit=crop&q=80&w=1400,description too long (161),,"Not long ago, dropping out of university in Pakistan was seen as a setback. Today, for many young people, it looks like a statement."
Pakistan,https://pk.athgadlang.com/insights/spider-trees-of-pakistan,Insight article,Spider Trees of Pakistan | athGADLANG,37,"After the 2010 floods in Sindh, Pakistan, something extraordinary happened. Thousands of spiders climbed trees to escape the rising water and spun webs across the branches. Over time, the…",188,Spider Trees of Pakistan,https://pk.athgadlang.com/insights/spider-trees-of-pakistan,https://images.unsplash.com/photo-1521791136064-7986c2920216?auto=format&fit=crop&q=80&w=1400,description too long (188),,"After the 2010 floods in Sindh, Pakistan, something extraordinary happened. Thousands of spiders climbed trees, spinning webs across every branch."
Pakistan,https://pk.athgadlang.com/insights/pakistan-taught-the-world-to-fly,Insight article,Pakistan Taught the World to Fly | athGADLANG,45,"For a brief moment in history, Pakistan International Airlines helped build Emirates, set speed records between London and Karachi, and ranked among the world’s best airlines.",175,Pakistan Taught the World to Fly,https://pk.athgadlang.com/insights/pakistan-taught-the-world-to-fly,https://images.unsplash.com/photo-1551288049-bebda4e38f71?auto=format&fit=crop&q=80&w=1400,description too long (175),,"For a brief moment in history, Pakistan International Airlines helped build Emirates, set London-Karachi speed records, and ranked among the world's best."
Pakistan,https://pk.athgadlang.com/insights/pakistan-s-talent-on-the-move,Insight article,Pakistan’s Talent on the Move | athGADLANG,42,"Pakistan is home to one of the youngest populations in the world, yet a growing number of skilled professionals are building their careers abroad.",146,Pakistan’s Talent on the Move,https://pk.athgadlang.com/insights/pakistan-s-talent-on-the-move,https://images.unsplash.com/photo-1512453979798-5ea266f8880c?auto=format&fit=crop&q=80&w=1400,OK,,
Pakistan,https://pk.athgadlang.com/insights/do-influencers-create-unrealistic-lifestyle-expectations,Insight article,Do Influencers Create Unrealistic Lifestyle Expectations | athGADLANG,69,"Open Instagram for five minutes, and you might see the same things again and again: glowing skin, perfectly styled hair, cute coffee dates, luxury vacations, and spotless homes. Influencers…",190,Do Influencers Create Unrealistic Lifestyle Expectations,https://pk.athgadlang.com/insights/do-influencers-create-unrealistic-lifestyle-expectations,https://images.unsplash.com/photo-1554224155-6726b3ff858f?auto=format&fit=crop&q=80&w=1400,title too long (69); description too long (190),Do Influencers Set Unrealistic Expectations? | athGADLANG,"Open Instagram for five minutes and you'll see it again and again: glowing skin, styled hair, coffee dates, luxury trips, spotless homes everywhere."
Pakistan,https://pk.athgadlang.com/insights/why-us-companies-are-freezing-hiring-while-productivity-is-rising,Insight article,Why US Companies Are Freezing Hiring While Productivity is Rising | athGADLANG,78,At first glance the US job market appears resilient. Headline employment numbers remain strong and corporate earnings continue to show stability. Yet beneath the surface many US companies…,188,Why US Companies Are Freezing Hiring While Productivity is Rising,https://pk.athgadlang.com/insights/why-us-companies-are-freezing-hiring-while-productivity-is-rising,https://images.unsplash.com/photo-1551288049-bebda4e38f71?auto=format&fit=crop&q=80&w=1400,title too long (78); description too long (188),US Hiring Freezes as Productivity Rises | athGADLANG,"At first glance, the US job market looks resilient: strong headline numbers, stable earnings. But beneath the surface, hiring has quietly stalled."
Pakistan,https://pk.athgadlang.com/insights/corporate-governance-is-no-longer-optional-for-businesses-in-pakistan,Insight article,Corporate Governance Is No Longer Optional for Businesses in Pakistan | athGADLANG,82,"Corporate governance used to be seen as something only large listed companies needed to worry about. In Pakistan, that mindset is changing fast. Today, lenders, regulators, investors, and…",188,Corporate Governance Is No Longer Optional for Businesses in Pakistan,https://pk.athgadlang.com/insights/corporate-governance-is-no-longer-optional-for-businesses-in-pakistan,https://images.unsplash.com/photo-1554774853-aae0a22c8aa4?auto=format&fit=crop&q=80&w=1400,title too long (82); description too long (188),Corporate Governance Now Matters in Pakistan | athGADLANG,"Corporate governance used to matter only to large listed companies. In Pakistan, that mindset is changing fast, and everyone is paying attention."
Pakistan,https://pk.athgadlang.com/insights/why-financial-advisory-is-becoming-critical-for-businesses-in-pakistan,Insight article,Why Financial Advisory Is Becoming Critical for Businesses in Pakistan | athGADLANG,83,Why Financial Advisory Is Critical for Businesses in Pakistan,61,Why Financial Advisory Is Becoming Critical for Businesses in Pakistan,https://pk.athgadlang.com/insights/why-financial-advisory-is-becoming-critical-for-businesses-in-pakistan,https://images.unsplash.com/photo-1450101499163-c8848c66ca85?auto=format&fit=crop&q=80&w=1400,title too long (83); description short (61),Financial Advisory Matters More in Pakistan | athGADLANG,"As Pakistan's business landscape grows more complex, having the right financial advisory partner is no longer optional, it's now essential."
Pakistan,https://pk.athgadlang.com/insights/why-2026-could-be-a-record-year-for-ipos-in-pakistan-psx,Insight article,Why 2026 Could Be a Record Year for IPOs in Pakistan (PSX) | athGADLANG,71,"If you have ever heard people say, “This company is going public,” they are talking about an IPO.",97,Why 2026 Could Be a Record Year for IPOs in Pakistan (PSX),https://pk.athgadlang.com/insights/why-2026-could-be-a-record-year-for-ipos-in-pakistan-psx,https://images.unsplash.com/photo-1460925895917-afdab827c52f?auto=format&fit=crop&q=80&w=1400,title too long (71),Why 2026 Could Be a Record IPO Year for PSX | athGADLANG,
Pakistan,https://pk.athgadlang.com/insights/digital-gold-vs-physical-gold-tech-solutions-for-pakistani-investors-post-crash,Insight article,Digital Gold vs Physical Gold: Tech Solutions for Pakistani Investors Post-Crash | athGADLANG,93,"The recent sell-off in gold and silver was fast and sharp, revealing an important reality. Owning gold is not only about price; it also involves storage, access to cash, and daily risk.",185,Digital Gold vs Physical Gold: Tech Solutions for Pakistani Investors Post-Crash,https://pk.athgadlang.com/insights/digital-gold-vs-physical-gold-tech-solutions-for-pakistani-investors-post-crash,https://images.unsplash.com/photo-1507679799987-c73779587ccf?auto=format&fit=crop&q=80&w=1400,title too long (93); description too long (185),"Digital Gold vs Physical Gold, Post-Crash | athGADLANG","The recent gold and silver sell-off was fast and sharp. For Pakistani investors, owning gold isn't just about price, storage and access matter too."